Date,Days_After_Sowing,NDVI_Interpolated,NDVI_Lower_CI,NDVI_Upper_CI,FVC_Interpolated,FVC_Lower_CI,FVC_Upper_CI,Ground_Cover_Percentage,Ground_Cover_Lower_CI,Ground_Cover_Upper_CI,Growth_Stage,Sowing_Date,Harvest_Date,temperature_2m,temperature_min,temperature_max,precipitation,humidity,pressure,wind_speed,cloud_cover,gdd_daily,gdd_cumulative
2023-10-03,0,0.05164674046330779,0.04164674046330779,0.08644674046330779,0.0,0.0,0.0,0.0,0.0,0.0,Sowing,2023-10-03,2024-07-30,17.7,12.5,25.8,1.4,70,1018.7,17.4,51,19.15,19.15
2023-10-04,1,0.051854613612621094,0.04185461361262109,0.08665461361262108,0.0,0.0,0.0,0.0,0.0,0.0,Sowing,2023-10-03,2024-07-30,12.3,8.8,16.3,0.0,77,1028.8,9.7,34,12.55,31.7
2023-10-05,2,0.05223854723674028,0.04223854723674028,0.08703854723674029,0.0,0.0,0.0,0.0,0.0,0.0,Sowing,2023-10-03,2024-07-30,10.6,6.9,15.4,0.0,80,1027.3,9.0,78,11.15,42.85
2023-10-06,3,0.05276981545171491,0.04276981545171491,0.08756981545171491,0.0,0.0,0.0,0.0,0.0,0.0,Emergence,2023-10-03,2024-07-30,11.1,5.2,18.1,0.0,80,1027.1,7.0,57,11.65,54.5
2023-10-07,4,0.053446510617812984,0.04344651061781298,0.08824651061781298,0.0,0.0,0.0,0.0,0.0,0.0,Emergence,2023-10-03,2024-07-30,13.4,9.6,17.3,0.0,67,1025.1,16.1,50,13.45,67.95
2023-10-08,5,0.054287936433027185,0.044287936433027184,0.08908793643302718,0.0,0.0,0.0,0.0,0.0,0.0,Emergence,2023-10-03,2024-07-30,15.6,12.4,19.2,0.0,70,1025.1,13.9,68,15.8,83.75
2023-10-09,6,0.055305556234664266,0.045305556234664264,0.09010555623466426,0.0,0.0,0.0,0.0,0.0,0.0,Emergence,2023-10-03,2024-07-30,15.5,11.7,19.1,0.0,68,1021.8,14.1,79,15.4,99.15
2023-10-10,7,0.056442964267135416,0.046442964267135414,0.0912429642671354,0.0,0.0,0.0,0.0,0.0,0.0,Emergence,2023-10-03,2024-07-30,15.8,12.3,21.9,0.0,66,1021.8,8.9,92,17.1,116.25
2023-10-11,8,0.0575388860346892,0.0475388860346892,0.0923388860346892,0.0,0.0,0.0,0.0,0.0,0.0,Emergence,2023-10-03,2024-07-30,16.6,11.7,23.7,0.0,63,1019.0,10.6,37,17.7,133.95
2023-10-12,9,0.05849731931574258,0.048497319315742575,0.09329731931574257,0.0,0.0,0.0,0.0,0.0,0.0,Emergence,2023-10-03,2024-07-30,16.5,14.4,20.8,1.5,69,1017.3,11.9,99,17.6,151.54999999999998
2023-10-13,10,0.059575974494255855,0.04957597449425585,0.09437597449425586,0.0,0.0,0.0,0.0,0.0,0.0,Emergence,2023-10-03,2024-07-30,17.9,13.0,25.0,0.0,62,1014.8,12.2,58,19.0,170.54999999999998
2023-10-14,11,0.061228769291870655,0.05122876929187065,0.09602876929187065,0.0,0.0,0.0,0.0,0.0,0.0,Emergence,2023-10-03,2024-07-30,15.0,9.5,19.8,3.8,71,1012.2,17.9,87,14.65,185.2
2023-10-15,12,0.06358426096900055,0.05358426096900055,0.09838426096900055,0.0,0.0,0.0,0.0,0.0,0.0,Emergence,2023-10-03,2024-07-30,6.9,4.0,10.0,0.6,77,1021.1,13.0,32,7.0,192.2
2023-10-16,13,0.06638562932173142,0.05638562932173142,0.10118562932173142,0.0,0.0,0.0,0.0,0.0,0.0,Emergence,2023-10-03,2024-07-30,4.4,-1.1,9.3,0.0,80,1023.4,5.9,56,4.1000000000000005,196.29999999999998
2023-10-17,14,0.0693538614197349,0.0593538614197349,0.1041538614197349,0.0,0.0,0.0,0.0,0.0,0.0,Tillering,2023-10-03,2024-07-30,4.9,1.4,9.2,0.0,78,1019.5,9.5,68,5.3,201.6
2023-10-18,15,0.07236216592764672,0.062362165927646714,0.10716216592764671,0.0,0.0,0.0,0.0,0.0,0.0,Tillering,2023-10-03,2024-07-30,6.9,2.2,12.5,0.7,77,1011.3,10.7,97,7.35,208.95
2023-10-19,16,0.07537875005584875,0.06537875005584876,0.11017875005584875,0.0,0.0,0.0,0.0,0.0,0.0,Tillering,2023-10-03,2024-07-30,11.3,7.7,15.2,11.5,92,998.2,11.0,92,11.45,220.39999999999998
2023-10-20,17,0.07839892468099412,0.06839892468099412,0.11319892468099411,0.0,0.0,0.0,0.0,0.0,0.0,Tillering,2023-10-03,2024-07-30,12.5,10.3,16.2,7.1,89,986.5,12.5,98,13.25,233.64999999999998
2023-10-21,18,0.08142225908278061,0.07142225908278062,0.11622225908278061,0.0,0.0,0.0,0.0,0.0,0.0,Tillering,2023-10-03,2024-07-30,12.6,10.6,16.8,7.8,80,999.0,13.4,52,13.7,247.34999999999997
2023-10-22,19,0.08444881180672718,0.07444881180672719,0.11924881180672718,0.0,0.0,0.0,0.0,0.0,0.0,Tillering,2023-10-03,2024-07-30,10.8,7.7,14.7,0.0,77,1010.9,10.9,46,11.2,258.54999999999995
2023-10-23,20,0.087478642375504,0.077478642375504,0.122278642375504,0.0,0.0,0.0,0.0,0.0,0.0,Tillering,2023-10-03,2024-07-30,9.9,4.7,15.3,0.0,80,1013.3,8.6,71,10.0,268.54999999999995
2023-10-24,21,0.09051181130088971,0.08051181130088972,0.1253118113008897,0.0,0.0,0.0,0.0,0.0,0.0,Tillering,2023-10-03,2024-07-30,10.8,9.2,13.4,7.7,93,1006.4,7.6,100,11.3,279.84999999999997
2023-10-25,22,0.09354838009568815,0.08354838009568816,0.12834838009568816,0.0,0.0,0.0,0.0,0.0,0.0,Tillering,2023-10-03,2024-07-30,10.9,8.1,14.9,1.6,87,1002.3,13.6,85,11.5,291.34999999999997
2023-10-26,23,0.09658841128559428,0.08658841128559429,0.13138841128559428,0.0,0.0,0.0,0.0,0.0,0.0,Tillering,2023-10-03,2024-07-30,11.0,9.8,12.5,3.2,86,998.0,15.3,98,11.15,302.49999999999994
2023-10-27,24,0.09963196842099853,0.08963196842099853,0.13443196842099853,0.0,0.0,0.0,0.0,0.0,0.0,Tillering,2023-10-03,2024-07-30,9.6,7.5,11.4,8.7,90,996.8,13.4,78,9.45,311.94999999999993
2023-10-28,25,0.1026791160887184,0.0678791160887184,0.13747911608871838,0.0,0.0,0.0,0.0,0.0,0.0,Tillering,2023-10-03,2024-07-30,10.1,7.3,13.3,1.5,77,1003.6,15.9,87,10.3,322.24999999999994
2023-10-29,26,0.10572991992364539,0.07092991992364539,0.14052991992364539,0.0,0.0,0.0,0.0,0.0,0.0,Tillering,2023-10-03,2024-07-30,12.1,8.9,16.1,0.0,68,1003.5,13.7,99,12.5,334.74999999999994
2023-10-30,27,0.1087844466202951,0.0739844466202951,0.1435844466202951,0.0,0.0,0.0,0.0,0.0,0.0,Tillering,2023-10-03,2024-07-30,12.3,8.5,17.0,2.2,84,1003.8,9.1,90,12.75,347.49999999999994
2023-10-31,28,0.11184276394424753,0.07704276394424753,0.14664276394424752,0.0,0.0,0.0,0.0,0.0,0.0,Tillering,2023-10-03,2024-07-30,9.7,8.5,11.7,4.4,85,1005.3,19.2,94,10.1,357.59999999999997
2023-11-01,29,0.11490494074346443,0.08010494074346443,0.1497049407434644,0.0,0.0,0.0,0.0,0.0,0.0,Tillering,2023-10-03,2024-07-30,10.5,7.4,14.5,0.5,79,1008.7,12.5,87,10.95,368.54999999999995
2023-11-02,30,0.11797104695946936,0.08317104695946936,0.15277104695946936,0.0,0.0,0.0039586385135276635,0.0,0.0,0.39586385135276636,Tillering,2023-10-03,2024-07-30,7.9,5.8,10.2,4.3,83,994.7,14.3,85,8.0,376.54999999999995
2023-11-03,31,0.12104115363837652,0.08624115363837652,0.15584115363837653,0.0,0.0,0.008344505197680763,0.0,0.0,0.8344505197680763,Tillering,2023-10-03,2024-07-30,5.7,3.8,7.6,0.8,88,991.0,12.8,99,5.699999999999999,382.24999999999994
2023-11-04,32,0.12411533294175223,0.08931533294175223,0.15891533294175222,0.0,0.0,0.0127361899167889,0.0,0.0,1.27361899167889,Tillering,2023-10-03,2024-07-30,5.9,3.0,9.7,1.9,81,991.6,16.1,75,6.35,388.59999999999997
2023-11-05,33,0.12719365815729466,0.09239365815729467,0.16199365815729466,0.0,0.0,0.017133797367563812,0.0,0.0,1.7133797367563812,Tillering,2023-10-03,2024-07-30,8.4,6.6,11.1,5.2,79,986.8,23.9,84,8.85,397.45
2023-11-06,34,0.13027620370931392,0.09547620370931392,0.16507620370931392,0.0,0.0,0.021537433870448465,0.0,0.0,2.1537433870448464,Tillering,2023-10-03,2024-07-30,8.6,7.0,11.4,0.0,77,1006.9,19.4,62,9.2,406.65
2023-11-07,35,0.13336304516899677,0.09856304516899678,0.16816304516899677,0.0,0.0,0.025947207384281114,0.0,0.0,2.5947207384281112,Tillering,2023-10-03,2024-07-30,6.5,4.0,9.9,0.7,82,1015.3,14.9,31,6.95,413.59999999999997
2023-11-08,36,0.13645425926443727,0.10165425926443727,0.17125425926443727,0.0,0.0,0.030363227520624682,0.0,0.0,3.036322752062468,Tillering,2023-10-03,2024-07-30,6.1,4.3,9.8,0.0,79,1018.5,16.1,67,7.050000000000001,420.65
2023-11-09,37,0.13954992389041568,0.10474992389041568,0.17434992389041568,0.0,0.0,0.03478560555773669,0.0,0.0,3.4785605557736687,Tillering,2023-10-03,2024-07-30,6.2,3.4,8.9,3.1,80,1010.5,15.4,86,6.15,426.79999999999995
2023-11-10,38,0.142650118117906,0.10785011811790601,0.177450118117906,0.0,0.0,0.03921445445415145,0.0,0.0,3.921445445415145,Tillering,2023-10-03,2024-07-30,6.2,3.3,8.8,2.2,82,1004.4,15.8,63,6.050000000000001,432.84999999999997
2023-11-11,39,0.14575693741956136,0.11095693741956136,0.18055693741956136,0.0,0.0,0.04365276774223052,0.0,0.0,4.3652767742230525,Tillering,2023-10-03,2024-07-30,4.2,2.7,6.0,4.8,85,1006.1,20.3,68,4.35,437.2
2023-11-12,40,0.1488896055281975,0.1140896055281975,0.1836896055281975,0.0,0.0,0.048128007897424996,0.0,0.0,4.8128007897425,Tillering,2023-10-03,2024-07-30,3.6,-1.5,7.8,1.0,86,1010.2,9.0,79,3.15,440.34999999999997
2023-11-13,41,0.15217483775957544,0.11737483775957544,0.18697483775957544,0.0031069110851077763,0.0,0.05282119679939349,0.31069110851077764,0.0,5.282119679939349,Tillering,2023-10-03,2024-07-30,8.6,3.4,13.2,16.2,92,1009.5,17.6,100,8.299999999999999,448.65
2023-11-14,42,0.15610198538446354,0.12130198538446355,0.19090198538446354,0.008717121977805069,0.0,0.058431407692090785,0.8717121977805069,0.0,5.843140769209079,Tillering,2023-10-03,2024-07-30,9.8,7.5,12.6,5.9,78,1009.6,23.3,94,10.05,458.7
2023-11-15,43,0.16167018956036128,0.12687018956036128,0.19647018956036127,0.016671699371944692,0.0,0.0663859850862304,1.6671699371944693,0.0,6.638598508623041,Tillering,2023-10-03,2024-07-30,7.8,6.3,9.4,3.3,87,1015.9,24.9,77,7.85,466.55
2023-11-16,44,0.16952155234653576,0.13472155234653577,0.20432155234653576,0.02788793192362253,0.0,0.07760221763790824,2.788793192362253,0.0,7.760221763790824,Tillering,2023-10-03,2024-07-30,6.5,5.3,8.2,9.8,89,1015.7,11.3,96,6.75,473.3
2023-11-17,45,0.17845335016512703,0.14365335016512704,0.21325335016512703,0.04064764309303863,0.0,0.09036192880732434,4.064764309303863,0.0,9.036192880732434,Tillering,2023-10-03,2024-07-30,4.8,4.0,7.0,7.9,89,1018.1,13.1,99,5.5,478.8
2023-11-18,46,0.18604117847650908,0.15124117847650909,0.22084117847650908,0.05148739782358441,0.0017731121092987025,0.10120168353787012,5.148739782358441,0.17731121092987026,10.120168353787012,Tillering,2023-10-03,2024-07-30,4.7,2.6,6.9,4.2,88,1025.6,9.6,98,4.75,483.55
2023-11-19,47,0.19117157962652323,0.15637157962652323,0.22597157962652323,0.05881654232360463,0.009102256609318913,0.10853082803789034,5.881654232360463,0.9102256609318913,10.853082803789034,Tillering,2023-10-03,2024-07-30,9.1,4.9,11.9,10.8,89,1015.1,20.2,74,8.4,491.95
2023-11-20,48,0.1945875180865396,0.1597875180865396,0.2293875180865396,0.0636964544093423,0.013982168695056578,0.113410740123628,6.36964544093423,1.3982168695056578,11.341074012362801,Tillering,2023-10-03,2024-07-30,7.9,5.6,9.7,1.7,86,1013.7,19.3,83,7.6499999999999995,499.59999999999997
2023-11-21,49,0.1973461189120459,0.1625461189120459,0.2321461189120459,0.06763731273149415,0.017923027017208437,0.11735159844577987,6.763731273149415,1.7923027017208437,11.735159844577987,Stem Elongation,2023-10-03,2024-07-30,6.3,4.7,7.5,5.3,93,1014.3,8.8,95,6.1,505.7
2023-11-22,50,0.19995665753898018,0.16515665753898018,0.23475665753898017,0.07136665362711454,0.021652367912828836,0.12108093934140027,7.1366653627114545,2.1652367912828834,12.108093934140026,Stem Elongation,2023-10-03,2024-07-30,1.3,0.3,3.7,0.0,83,1027.1,9.7,92,2.0,507.7
2023-11-23,51,0.20255012531852473,0.16775012531852473,0.23735012531852473,0.07507160759789248,0.025357321883606773,0.1247858933121782,7.507160759789248,2.535732188360677,12.478589331217819,Stem Elongation,2023-10-03,2024-07-30,1.9,-1.6,4.7,0.0,85,1025.7,16.4,72,1.55,509.25
2023-11-24,52,0.20514633085409759,0.1703463308540976,0.23994633085409758,0.07878047264871085,0.029066186934425135,0.12849475836299656,7.8780472648710855,2.9066186934425136,12.849475836299657,Stem Elongation,2023-10-03,2024-07-30,4.1,0.6,6.4,3.8,88,1009.7,24.0,88,3.5,512.75
2023-11-25,53,0.20774742155159753,0.17294742155159754,0.24254742155159753,0.0824963165022822,0.03278203078799649,0.1322106022165679,8.24963165022822,3.278203078799649,13.221060221656792,Stem Elongation,2023-10-03,2024-07-30,0.4,-2.5,2.5,3.0,85,1009.9,22.7,85,0.0,512.75
2023-11-26,54,0.21035347980795485,0.17555347980795485,0.24515347980795485,0.08621925686850694,0.03650497115422123,0.13593354258279267,8.621925686850695,3.650497115422123,13.593354258279266,Stem Elongation,2023-10-03,2024-07-30,0.3,-2.4,2.2,0.5,91,1016.4,14.8,85,0.0,512.75
2023-11-27,55,0.21296458908191773,0.17816458908191773,0.24776458908191773,0.0899494129741682,0.040235127259882486,0.1396636986884539,8.994941297416819,4.023512725988248,13.96636986884539,Stem Elongation,2023-10-03,2024-07-30,1.4,0.4,2.8,8.6,92,1007.6,12.4,100,1.5999999999999999,514.35
2023-11-28,56,0.21558083389445698,0.18078083389445698,0.250380833894457,0.09368690556350999,0.04397261984922427,0.1434011912777957,9.368690556350998,4.3972619849224275,14.340119127779568,Stem Elongation,2023-10-03,2024-07-30,0.2,-1.9,1.8,11.0,92,999.1,15.1,100,0.0,514.35
2023-11-29,57,0.21820229982851697,0.18340229982851697,0.25300229982851696,0.09743185689788139,0.04771757118359568,0.1471461426121671,9.74318568978814,4.771757118359568,14.71461426121671,Stem Elongation,2023-10-03,2024-07-30,-1.5,-4.4,1.2,0.0,83,1008.3,13.7,88,0.0,514.35
2023-11-30,58,0.22082907352808354,0.18602907352808354,0.2556290735280835,0.10118439075440507,0.051470105040119354,0.15089867646869073,10.118439075440506,5.147010504011935,15.089867646869074,Stem Elongation,2023-10-03,2024-07-30,-0.8,-3.0,1.9,0.6,86,1003.4,7.6,98,0.0,514.35
2023-12-01,59,0.2234612426965383,0.1886612426965383,0.2582612426965383,0.10494463242362616,0.05523034670934045,0.15465891813791183,10.494463242362615,5.523034670934044,15.465891813791183,Stem Elongation,2023-10-03,2024-07-30,-0.2,-1.3,0.6,9.8,97,1003.1,6.6,100,0.0,514.35
2023-12-02,60,0.22609889609426786,0.19129889609426787,0.26089889609426786,0.10871270870609696,0.05899842299181125,0.1584269944203827,10.871270870609697,5.899842299181126,15.842699442038269,Stem Elongation,2023-10-03,2024-07-30,-3.5,-6.0,-1.6,2.9,90,1010.4,12.7,100,0.0,514.35
2023-12-03,61,0.22874212353549644,0.19394212353549645,0.26354212353549644,0.11248874790785209,0.06277446219356636,0.16220303362213778,11.248874790785209,6.277446219356636,16.220303362213777,Stem Elongation,2023-10-03,2024-07-30,-5.6,-7.3,-3.0,0.0,86,1025.1,10.3,55,0.0,514.35
2023-12-04,62,0.2313910158843089,0.1965910158843089,0.26619101588430893,0.11627287983472703,0.06655859412044131,0.16598716554901277,11.627287983472703,6.655859412044131,16.598716554901277,Stem Elongation,2023-10-03,2024-07-30,-6.2,-8.7,-3.0,0.4,85,1018.0,11.0,98,0.0,514.35
2023-12-05,63,0.2340456650498305,0.1992456650498305,0.2688456650498305,0.12006523578547214,0.07035095007118643,0.16977952149975786,12.006523578547213,7.035095007118643,16.977952149975785,Stem Elongation,2023-10-03,2024-07-30,0.7,-3.4,6.0,3.1,84,1009.4,14.3,70,1.3,515.65
2023-12-06,64,0.23670616398052996,0.20190616398052996,0.27150616398052996,0.12386594854361424,0.07415166282932853,0.17358023425789995,12.386594854361425,7.415166282932853,17.358023425789995,Stem Elongation,2023-10-03,2024-07-30,0.9,-0.2,2.1,4.9,95,1014.9,13.5,100,0.9500000000000001,516.6
2023-12-07,65,0.2393726066576102,0.2045726066576102,0.27417260665761023,0.1276751523680146,0.07796086665372888,0.17738943808230034,12.76751523680146,7.796086665372888,17.738943808230033,Stem Elongation,2023-10-03,2024-07-30,-0.9,-2.6,1.7,0.0,92,1021.9,8.4,68,0.0,516.6
2023-12-08,66,0.24204508808745165,0.20724508808745165,0.2768450880874517,0.1314929829820738,0.08177869726778808,0.18120726869635956,13.149298298207379,8.177869726778809,18.120726869635956,Stem Elongation,2023-10-03,2024-07-30,-0.4,-3.2,2.7,5.8,88,1014.0,10.3,97,0.0,516.6
2023-12-09,67,0.24472370429307133,0.20992370429307133,0.27952370429307133,0.13531957756153049,0.08560529184724477,0.1850338632758162,13.531957756153048,8.560529184724478,18.50338632758162,Stem Elongation,2023-10-03,2024-07-30,2.9,1.6,4.8,4.8,96,1012.4,12.6,99,3.2,519.8000000000001
2023-12-10,68,0.24740855230456163,0.21260855230456163,0.28220855230456166,0.13915507472080235,0.08944078900651663,0.1888693604350881,13.915507472080236,8.944078900651663,18.886936043508808,Stem Elongation,2023-10-03,2024-07-30,6.3,4.4,7.5,6.2,82,1009.9,24.3,88,5.95,525.7500000000001
2023-12-11,69,0.2500997301484703,0.21529973014847031,0.2848997301484703,0.14299961449781476,0.09328532878352903,0.19271390021210047,14.299961449781476,9.328532878352904,19.271390021210046,Stem Elongation,2023-10-03,2024-07-30,8.0,5.9,10.1,0.9,83,1007.1,21.7,62,8.0,533.7500000000001
2023-12-12,70,0.2527973368360837,0.2179973368360837,0.2875973368360837,0.1468533383372624,0.09713905262297672,0.19656762405154815,14.685333833726242,9.713905262297672,19.656762405154815,Stem Elongation,2023-10-03,2024-07-30,6.5,3.9,8.0,5.4,93,1008.7,10.8,94,5.95,539.7000000000002
2023-12-13,71,0.2555014723505751,0.22070147235057508,0.2903014723505751,0.15071638907225013,0.10100210335796442,0.20043067478653584,15.071638907225013,10.100210335796442,20.043067478653583,Stem Elongation,2023-10-03,2024-07-30,5.9,3.4,8.2,3.6,92,1001.9,10.5,92,5.8,545.5000000000001
2023-12-14,72,0.25821223763297774,0.22341223763297774,0.29301223763297773,0.15458891090425392,0.1048746251899682,0.20430319661853963,15.458891090425391,10.487462518996821,20.430319661853964,Stem Elongation,2023-10-03,2024-07-30,4.1,3.2,6.2,1.0,96,1014.8,10.9,98,4.7,550.2000000000002
2023-12-15,73,0.26092973456694296,0.22612973456694296,0.29572973456694296,0.1584710493813471,0.10875676366706138,0.2081853350956328,15.84710493813471,10.875676366706138,20.81853350956328,Stem Elongation,2023-10-03,2024-07-30,3.0,1.0,4.7,0.3,91,1034.7,10.8,98,2.85,553.0500000000002
2023-12-16,74,0.2636540659622434,0.2288540659622434,0.2984540659622434,0.16236295137463344,0.11264866566034772,0.21207723708891915,16.236295137463344,11.264866566034772,21.207723708891915,Stem Elongation,2023-10-03,2024-07-30,3.2,0.5,5.6,0.0,92,1042.3,8.1,62,3.05,556.1000000000001
2023-12-17,75,0.2663853355369799,0.2315853355369799,0.3011853355369799,0.16626476505282844,0.11655047933854275,0.21597905076711416,16.626476505282845,11.655047933854275,21.597905076711417,Stem Elongation,2023-10-03,2024-07-30,1.4,-0.8,6.4,0.0,91,1040.4,7.0,39,2.8000000000000003,558.9000000000001
2023-12-18,76,0.2691236478984507,0.23432364789845073,0.3039236478984507,0.17017663985492962,0.1204623541406439,0.21989092556921533,17.017663985492963,12.046235414064391,21.989092556921534,Stem Elongation,2023-10-03,2024-07-30,1.0,-1.8,7.2,0.0,83,1035.4,9.0,5,2.7,561.6000000000001
2023-12-19,77,0.27186910852264173,0.23706910852264174,0.30666910852264173,0.1740987264609168,0.12438444074663106,0.2238130121752025,17.409872646091678,12.438444074663106,22.38130121752025,Stem Elongation,2023-10-03,2024-07-30,0.9,-1.6,3.4,0.0,81,1026.7,12.6,74,0.8999999999999999,562.5000000000001
2023-12-20,78,0.27462182373229493,0.23982182373229494,0.30942182373229493,0.17803117676042135,0.12831689104613564,0.22774546247470706,17.803117676042135,12.831689104613563,22.774546247470706,Stem Elongation,2023-10-03,2024-07-30,3.4,2.4,4.5,4.9,89,1018.3,20.9,98,3.45,565.9500000000002
2023-12-21,79,0.2773819006735133,0.24258190067351332,0.3121819006735133,0.18197414381930477,0.13225985810501903,0.23168842953359048,18.19741438193048,13.225985810501903,23.168842953359047,Stem Elongation,2023-10-03,2024-07-30,5.2,2.8,7.2,15.9,90,1005.7,31.1,99,5.0,570.9500000000002
2023-12-22,80,0.2801494472908598,0.24534944729085978,0.3149494472908598,0.18592778184408543,0.1362134961297997,0.23564206755837114,18.592778184408544,13.62134961297997,23.564206755837112,Stem Elongation,2023-10-03,2024-07-30,4.3,1.5,5.9,16.3,93,1003.1,29.3,98,3.7,574.6500000000002
2023-12-23,81,0.28292457230090623,0.24812457230090623,0.3177245723009062,0.1898922461441518,0.14017796042986605,0.2396065318584375,18.98922461441518,14.017796042986605,23.96065318584375,Stem Elongation,2023-10-03,2024-07-30,5.1,4.8,5.7,16.0,94,1010.1,32.3,100,5.25,579.9000000000002
2023-12-24,82,0.28570738516419125,0.25090738516419125,0.32050738516419125,0.19386769309170182,0.14415340737741608,0.24358197880598753,19.386769309170184,14.415340737741609,24.358197880598752,Stem Elongation,2023-10-03,2024-07-30,6.5,5.1,8.1,3.1,90,1012.8,26.2,100,6.6,586.5000000000002
2023-12-25,83,0.28849799605554255,0.25369799605554255,0.32329799605554255,0.19785428007934652,0.1481399943650608,0.24756856579363223,19.78542800793465,14.813999436506082,24.756856579363223,Stem Elongation,2023-10-03,2024-07-30,7.8,7.4,8.5,1.6,84,1013.8,22.8,100,7.95,594.4500000000003
2023-12-26,84,0.291296515832722,0.256496515832722,0.326096515832722,0.20185216547531715,0.1521378797610314,0.25156645118960286,20.185216547531716,15.213787976103141,25.156645118960284,Stem Elongation,2023-10-03,2024-07-30,7.0,6.0,8.4,0.4,84,1017.6,20.3,100,7.2,601.6500000000003
2023-12-27,85,0.2941030560033493,0.2593030560033493,0.3289030560033493,0.2058615085762133,0.1561472228619276,0.25557579429049904,20.58615085762133,15.614722286192759,25.557579429049902,Stem Elongation,2023-10-03,2024-07-30,5.5,3.5,8.2,0.0,84,1022.2,10.7,98,5.85,607.5000000000003
2023-12-28,86,0.29691772869006383,0.26211772869006383,0.33171772869006383,0.20988246955723405,0.16016818384294834,0.25959675527151976,20.988246955723405,16.016818384294833,25.959675527151976,Stem Elongation,2023-10-03,2024-07-30,7.3,4.5,9.2,0.7,67,1019.2,15.4,97,6.85,614.3500000000004
2023-12-29,87,0.29974064659388,0.26494064659388,0.33454064659388,0.21391520941982858,0.16420092370554287,0.2636294951341143,21.391520941982858,16.420092370554286,26.362949513411433,Stem Elongation,2023-10-03,2024-07-30,8.2,7.0,10.1,0.0,78,1016.6,20.7,90,8.55,622.9000000000003
2023-12-30,88,0.30257192295569546,0.26777192295569546,0.33737192295569546,0.2179598899367078,0.1682456042224221,0.26767417565099355,21.795988993670782,16.82456042224221,26.767417565099354,Stem Elongation,2023-10-03,2024-07-30,6.6,2.9,9.0,0.0,80,1017.3,17.0,90,5.95,628.8500000000004
2023-12-31,89,0.3054116715159114,0.2706116715159114,0.3402116715159114,0.2220166735941592,0.17230238787987348,0.27173095930844493,22.201667359415918,17.230238787987346,27.173095930844493,Stem Elongation,2023-10-03,2024-07-30,3.5,1.3,7.3,2.0,87,1010.3,14.3,96,4.3,633.1500000000003
2024-01-01,90,0.30826000647212204,0.27346000647212204,0.34306000647212204,0.22608572353160294,0.17637143781731723,0.27580000924588866,22.608572353160294,17.637143781731723,27.580000924588866,Stem Elongation,2023-10-03,2024-07-30,4.2,3.0,5.9,0.3,77,1011.8,18.9,90,4.45,637.6000000000004
2024-01-02,91,0.31111704243483557,0.27631704243483557,0.34591704243483556,0.23016720347833655,0.18045291776405084,0.27988148919262223,23.016720347833655,18.045291776405083,27.988148919262223,Stem Elongation,2023-10-03,2024-07-30,5.9,3.1,8.2,18.6,85,1005.1,23.7,100,5.6499999999999995,643.2500000000003
2024-01-03,92,0.3139828943811854,0.2791828943811854,0.34878289438118537,0.2342612776874077,0.184546991973122,0.2839755634016934,23.42612776874077,18.4546991973122,28.397556340169338,Stem Elongation,2023-10-03,2024-07-30,7.8,6.3,9.0,8.1,81,999.8,28.4,84,7.65,650.9000000000003
2024-01-04,93,0.31685767760659356,0.28205767760659356,0.35165767760659356,0.23836811086656226,0.18865382515227652,0.28808239658084794,23.836811086656226,18.86538251522765,28.808239658084794,Stem Elongation,2023-10-03,2024-07-30,5.4,4.3,6.3,7.1,88,1005.5,24.6,88,5.3,656.2000000000003
2024-01-05,94,0.3197415076743501,0.2849415076743501,0.3545415076743501,0.24248786810621448,0.19277358239192877,0.2922021538205002,24.248786810621446,19.27735823919288,29.220215382050018,Stem Elongation,2023-10-03,2024-07-30,4.1,2.0,8.4,0.1,89,1006.0,9.6,99,5.2,661.4000000000003
2024-01-06,95,0.3226345003630708,0.2878345003630708,0.3574345003630708,0.24662071480438685,0.19690642909010114,0.29633500051867256,24.662071480438684,19.690642909010116,29.633500051867255,Stem Elongation,2023-10-03,2024-07-30,2.8,1.3,4.3,0.1,93,1008.6,7.1,100,2.8,664.2000000000003
2024-01-07,96,0.3255367716119984,0.2907367716119984,0.3603367716119984,0.25076681658856914,0.20105253087428346,0.30048110230285485,25.076681658856913,20.105253087428345,30.048110230285484,Stem Elongation,2023-10-03,2024-07-30,-0.5,-4.8,2.3,1.5,86,1016.3,15.7,100,0.0,664.2000000000003
2024-01-08,97,0.32844843746411545,0.29364843746411545,0.36324843746411545,0.2549263392344507,0.20521205352016494,0.3046406249487364,25.49263392344507,20.521205352016494,30.46406249487364,Stem Elongation,2023-10-03,2024-07-30,-4.3,-6.3,-1.2,0.0,66,1026.1,16.2,64,0.0,664.2000000000003
2024-01-09,98,0.3313696140070348,0.2965696140070348,0.3661696140070348,0.2590994485814783,0.20938516286719258,0.30881373429576403,25.90994485814783,20.93851628671926,30.881373429576403,Stem Elongation,2023-10-03,2024-07-30,-5.2,-7.0,-1.3,0.0,47,1029.9,16.4,0,0.0,664.2000000000003
2024-01-10,99,0.3343004173116389,0.2995004173116389,0.3691004173116389,0.26328631044519846,0.21357202473091275,0.31300059615948417,26.328631044519845,21.357202473091274,31.300059615948417,Stem Elongation,2023-10-03,2024-07-30,-4.4,-6.5,-0.4,0.0,65,1029.2,8.7,49,0.0,664.2000000000003
2024-01-11,100,0.33724123541018275,0.30244123541018275,0.37204123541018275,0.26748747915740395,0.21777319344311824,0.31720176487168966,26.748747915740395,21.777319344311824,31.720176487168967,Stem Elongation,2023-10-03,2024-07-30,-4.7,-7.8,-0.1,0.0,76,1030.7,6.8,4,0.0,664.2000000000003
2024-01-12,101,0.3401947883895121,0.3053947883895121,0.3749947883895121,0.2717068405564459,0.22199255484216018,0.3214211262707316,27.17068405564459,22.199255484216017,32.14211262707316,Stem Elongation,2023-10-03,2024-07-30,-3.5,-5.9,-2.0,0.0,87,1032.2,6.6,82,0.0,664.2000000000003
2024-01-13,102,0.343178499125361,0.308378499125361,0.377978499125361,0.2759692844648015,0.22625499875051577,0.3256835701790872,27.596928446480153,22.625499875051577,32.568357017908724,Stem Elongation,2023-10-03,2024-07-30,-3.6,-4.3,-2.4,0.0,86,1026.7,10.7,99,0.0,664.2000000000003
2024-01-14,103,0.3462600209490944,0.3114600209490944,0.3810600209490944,0.2803714584987063,0.23065717278442063,0.330085744212992,28.037145849870633,23.06571727844206,33.0085744212992,Stem Elongation,2023-10-03,2024-07-30,-3.6,-5.4,0.2,0.0,83,1014.4,13.5,91,0.0,664.2000000000003
2024-01-15,104,0.34958079443426254,0.31478079443426255,0.38438079443426254,0.2851154206203751,0.23540113490608938,0.3348297063346608,28.51154206203751,23.540113490608938,33.48297063346608,Stem Elongation,2023-10-03,2024-07-30,-2.9,-4.7,-1.2,3.6,85,1006.3,21.0,100,0.0,664.2000000000003
2024-01-16,105,0.3532443830600015,0.3184443830600015,0.3880443830600015,0.290349118657145,0.2406348329428593,0.34006340437143073,29.034911865714502,24.06348329428593,34.00634043714307,Stem Elongation,2023-10-03,2024-07-30,-2.9,-5.6,-0.5,0.0,77,1011.8,12.9,86,0.0,664.2000000000003
2024-01-17,106,0.35711258530440165,0.32231258530440166,0.39191258530440165,0.29587512186343096,0.24616083614914525,0.34558940757771667,29.587512186343094,24.616083614914526,34.558940757771666,Stem Elongation,2023-10-03,2024-07-30,-0.2,-6.0,7.2,8.9,90,997.3,14.7,100,0.6000000000000001,664.8000000000003
2024-01-18,107,0.3608714637359444,0.3260714637359444,0.3956714637359444,0.30124494819420633,0.2515306624799206,0.35095923390849204,30.124494819420633,25.15306624799206,35.0959233908492,Stem Elongation,2023-10-03,2024-07-30,2.1,-2.2,7.1,8.0,93,995.4,13.5,100,2.4499999999999997,667.2500000000003
2024-01-19,108,0.36436043485344244,0.32956043485344244,0.39916043485344244,0.30622919264777493,0.2565149069334892,0.35594347836206064,30.622919264777494,25.651490693348922,35.59434783620606,Stem Elongation,2023-10-03,2024-07-30,-2.9,-4.8,-0.8,0.0,84,1020.9,10.2,93,0.0,667.2500000000003
2024-01-20,109,0.3676577827227702,0.3328577827227702,0.4024577827227702,0.31093968960395746,0.26122540388967175,0.36065397531824317,31.093968960395745,26.122540388967174,36.06539753182432,Stem Elongation,2023-10-03,2024-07-30,-4.1,-5.9,0.8,0.0,83,1032.7,6.9,46,0.0,667.2500000000003
2024-01-21,110,0.37089042887147766,0.33609042887147766,0.40569042887147766,0.3155577555306824,0.26584346981639667,0.3652720412449681,31.555775553068237,26.584346981639666,36.52720412449681,Stem Elongation,2023-10-03,2024-07-30,-2.2,-6.0,3.8,0.0,61,1030.8,12.3,62,0.0,667.2500000000003
2024-01-22,111,0.37412104495080706,0.33932104495080706,0.40892104495080706,0.32017292135829584,0.2704586356440101,0.3698872070725815,32.017292135829585,27.045863564401014,36.988720707258146,Stem Elongation,2023-10-03,2024-07-30,4.5,-0.7,10.8,8.0,71,1021.1,21.1,87,5.050000000000001,672.3000000000003
2024-01-23,112,0.3773659754558663,0.3425659754558663,0.4121659754558663,0.3248085363655233,0.2750942506512376,0.374522822079809,32.48085363655233,27.50942506512376,37.4522822079809,Stem Elongation,2023-10-03,2024-07-30,4.2,3.2,5.9,1.7,84,1027.7,23.0,90,4.550000000000001,676.8500000000003
2024-01-24,113,0.38062775862824627,0.3458277586282463,0.41542775862824627,0.32946822661178043,0.2797539408974947,0.37918251232606615,32.94682266117805,27.97539408974947,37.918251232606615,Stem Elongation,2023-10-03,2024-07-30,8.1,4.2,10.2,3.1,83,1024.7,28.1,96,7.199999999999999,684.0500000000003
2024-01-25,114,0.3839109741724533,0.3491109741724533,0.4187109741724533,0.33415853453207617,0.28444424881779046,0.3838728202463618,33.41585345320762,28.444424881779046,38.387282024636185,Stem Elongation,2023-10-03,2024-07-30,4.9,3.2,7.3,0.1,86,1029.9,16.0,94,5.25,689.3000000000003
2024-01-26,115,0.3872562378948784,0.3524562378948784,0.4220562378948784,0.33893748270696916,0.28922319699268345,0.38865176842125493,33.89374827069692,28.922319699268346,38.86517684212549,Stem Elongation,2023-10-03,2024-07-30,6.4,2.2,9.4,4.0,92,1027.9,17.2,84,5.800000000000001,695.1000000000003
2024-01-27,116,0.3909321887380301,0.3561321887380301,0.4257321887380301,0.34418884105432873,0.294474555340043,0.3939031267686144,34.41888410543287,29.447455534004302,39.39031267686144,Stem Elongation,2023-10-03,2024-07-30,1.2,-2.2,5.4,0.0,79,1037.5,8.3,6,1.6,696.7000000000003
2024-01-28,117,0.3959770919738807,0.3611770919738807,0.4307770919738807,0.35139584567697246,0.30168155996268675,0.4011101313912581,35.13958456769725,30.168155996268673,40.11101313912581,Stem Elongation,2023-10-03,2024-07-30,1.3,-2.2,7.6,0.0,71,1035.3,9.4,14,2.6999999999999997,699.4000000000003
2024-01-29,118,0.40451243613439375,0.36971243613439375,0.43931243613439375,0.36358919447770544,0.31387490876341967,0.41330348019199104,36.358919447770546,31.387490876341968,41.33034801919911,Stem Elongation,2023-10-03,2024-07-30,1.8,-1.9,8.7,0.0,76,1032.5,9.8,54,3.3999999999999995,702.8000000000003
2024-01-30,119,0.41790642019889135,0.38310642019889135,0.45270642019889135,0.38272345742698766,0.33300917171270195,0.4324377431412734,38.27234574269877,33.30091717127019,43.24377431412734,Stem Elongation,2023-10-03,2024-07-30,2.9,-1.2,9.6,0.1,78,1032.4,9.0,92,4.2,707.0000000000003
2024-01-31,120,0.4336167307004443,0.3988167307004443,0.4684167307004443,0.40516675814349196,0.3554524724292062,0.4548810438577776,40.5166758143492,35.54524724292062,45.48810438577776,Stem Elongation,2023-10-03,2024-07-30,5.0,3.3,7.9,1.5,93,1034.0,8.8,91,5.6,712.6000000000004
2024-02-01,121,0.4465045225441397,0.4117045225441397,0.4813045225441397,0.42357788934877105,0.3738636036344853,0.4732921750630567,42.35778893487711,37.38636036344853,47.32921750630567,Stem Elongation,2023-10-03,2024-07-30,5.3,0.6,7.1,4.5,91,1030.2,15.7,85,3.8499999999999996,716.4500000000004
2024-02-02,122,0.4542012332428327,0.4194012332428327,0.4890012332428327,0.43457319034690384,0.3848589046326182,0.4842874760611896,43.457319034690386,38.48589046326182,48.42874760611896,Stem Elongation,2023-10-03,2024-07-30,3.2,-1.0,7.6,0.2,82,1032.4,15.5,74,3.3,719.7500000000003
2024-02-03,123,0.4582712318068444,0.42347123180684443,0.4930712318068444,0.44038747400977785,0.390673188295492,0.49010175972406345,44.03874740097778,39.0673188295492,49.010175972406344,Stem Elongation,2023-10-03,2024-07-30,5.7,4.8,6.4,0.1,86,1029.3,22.1,99,5.6,725.3500000000004
2024-02-04,124,0.4609484583583417,0.4261484583583417,0.4957484583583417,0.44421208336905965,0.39449779765477383,0.49392636908334525,44.42120833690596,39.44977976547738,49.392636908334524,Stem Elongation,2023-10-03,2024-07-30,6.5,5.5,7.9,1.3,90,1026.4,25.0,100,6.7,732.0500000000004
2024-02-05,125,0.46330930286272326,0.42850930286272326,0.49810930286272326,0.44758471837531905,0.3978704326610332,0.49729900408960465,44.75847183753191,39.787043266103325,49.72990040896047,Stem Elongation,2023-10-03,2024-07-30,6.4,4.1,9.6,0.1,83,1023.8,22.5,86,6.85,738.9000000000004
2024-02-06,126,0.4656298684884742,0.4308298684884742,0.5004298684884743,0.45089981212639174,0.4011855264121061,0.5006140978406776,45.089981212639174,40.118552641210606,50.061409784067756,Stem Elongation,2023-10-03,2024-07-30,5.1,2.8,7.4,0.0,81,1019.1,24.4,94,5.1,744.0000000000005
2024-02-07,127,0.46795086744923403,0.43315086744923403,0.502750867449234,0.45421552492747724,0.4045012392131915,0.5039298106417629,45.42155249274772,40.45012392131915,50.39298106417629,Stem Elongation,2023-10-03,2024-07-30,6.8,5.8,8.3,7.3,86,1009.5,22.8,100,7.050000000000001,751.0500000000004
2024-02-08,128,0.47027549513205574,0.43547549513205575,0.5050754951320557,0.4575364216172226,0.40782213590293676,0.5072507073315082,45.753642161722254,40.78221359029367,50.72507073315082,Stem Elongation,2023-10-03,2024-07-30,8.2,6.6,9.9,11.6,90,1002.3,19.3,100,8.25,759.3000000000004
2024-02-09,129,0.4726024207576401,0.4378024207576401,0.5074024207576401,0.46086060108234306,0.41114631536805724,0.5105748867966287,46.08606010823431,41.114631536805724,51.05748867966287,Stem Elongation,2023-10-03,2024-07-30,9.1,7.4,11.8,7.4,88,994.2,13.8,99,9.600000000000001,768.9000000000004
2024-02-10,130,0.4749304486676632,0.4401304486676632,0.5097304486676633,0.46418635523951884,0.41447206952523324,0.5139006409538046,46.418635523951885,41.447206952523324,51.39006409538046,Stem Elongation,2023-10-03,2024-07-30,7.7,4.5,11.4,0.5,91,989.0,7.9,99,7.95,776.8500000000005
2024-02-11,131,0.4772607991012238,0.4424607991012238,0.5120607991012238,0.4675154272874627,0.4178011415731769,0.5172297130017484,46.75154272874627,41.78011415731769,51.722971300174834,Stem Elongation,2023-10-03,2024-07-30,6.0,4.1,7.6,5.3,89,993.1,16.5,99,5.85,782.7000000000005
2024-02-12,132,0.4796108906423508,0.4448108906423508,0.5144108906423508,0.47087270091764405,0.4211584152033583,0.5205869866319297,47.0872700917644,42.11584152033583,52.05869866319297,Stem Elongation,2023-10-03,2024-07-30,5.5,3.8,7.7,0.9,85,1005.3,15.4,94,5.75,788.4500000000005
2024-02-13,133,0.482054013651264,0.447254013651264,0.516854013651264,0.47436287664466287,0.4246485909303772,0.5240771623589486,47.436287664466285,42.464859093037724,52.40771623589487,Stem Elongation,2023-10-03,2024-07-30,3.8,1.3,7.8,0.6,83,1020.2,11.1,81,4.55,793.0000000000005
2024-02-14,134,0.48474593313450937,0.44994593313450937,0.5195459331345094,0.47820847590644205,0.42849419019215623,0.5279227616207277,47.820847590644206,42.849419019215624,52.792276162072774,Stem Elongation,2023-10-03,2024-07-30,5.4,-0.1,9.9,3.6,84,1022.8,11.3,90,4.9,797.9000000000004
2024-02-15,135,0.4878010420794845,0.4530010420794845,0.5226010420794844,0.48257291725640644,0.4328586315421208,0.5322872029706921,48.25729172564064,43.28586315421208,53.22872029706921,Booting,2023-10-03,2024-07-30,9.0,5.3,13.9,0.0,85,1020.6,8.6,97,9.6,807.5000000000005
2024-02-16,136,0.4910650250037637,0.4562650250037637,0.5258650250037638,0.4872357500053767,0.43752146429109107,0.5369500357196625,48.72357500053767,43.752146429109104,53.69500357196625,Booting,2023-10-03,2024-07-30,9.5,5.0,15.7,1.3,83,1017.9,10.4,88,10.35,817.8500000000005
2024-02-17,137,0.4941867768668476,0.4593867768668476,0.5289867768668476,0.49169539552406805,0.4419811098097823,0.5414096812383536,49.1695395524068,44.19811098097823,54.140968123835364,Booting,2023-10-03,2024-07-30,9.0,4.9,11.5,1.4,85,1029.4,11.2,72,8.2,826.0500000000005
2024-02-18,138,0.4969837059771945,0.4621837059771945,0.5317837059771945,0.49569100853884934,0.4459767228245636,0.545405294253135,49.56910085388493,44.59767228245636,54.5405294253135,Booting,2023-10-03,2024-07-30,6.9,1.9,12.1,0.6,82,1031.2,8.9,74,7.0,833.0500000000005
2024-02-19,139,0.49953785347046264,0.46473785347046265,0.5343378534704626,0.4993397906720895,0.44962550495780385,0.5490540763863752,49.93397906720895,44.962550495780384,54.90540763863751,Booting,2023-10-03,2024-07-30,7.1,6.4,7.7,2.2,84,1027.0,19.2,99,7.050000000000001,840.1000000000005
2024-02-20,140,0.501985493390609,0.46718549339060905,0.5367854933906091,0.5028364191294415,0.4531221334151559,0.5525507048437273,50.283641912944155,45.31221334151559,55.25507048437272,Booting,2023-10-03,2024-07-30,6.0,4.5,8.1,1.1,81,1028.5,15.0,95,6.3,846.4000000000004
2024-02-21,141,0.50439172112128,0.46959172112127995,0.53919172112128,0.5062738873161142,0.45655960160182857,0.5559881730304,50.627388731611425,45.65596016018286,55.59881730304001,Booting,2023-10-03,2024-07-30,7.0,3.3,11.2,0.0,71,1021.8,11.2,93,7.25,853.6500000000004
2024-02-22,142,0.5067700228105597,0.4719700228105597,0.5415700228105598,0.5096714611579425,0.45995717544365683,0.5593857468722282,50.96714611579425,45.99571754436568,55.93857468722282,Booting,2023-10-03,2024-07-30,8.3,6.7,9.9,16.9,85,1001.4,21.8,100,8.3,861.9500000000004
2024-02-23,143,0.5091181952755361,0.47431819527553615,0.5439181952755361,0.5130259932507659,0.46331170753648027,0.5627402789650515,51.30259932507659,46.331170753648024,56.27402789650515,Booting,2023-10-03,2024-07-30,4.7,1.9,8.6,1.7,78,999.0,15.2,100,5.25,867.2000000000004
2024-02-24,144,0.5114311263788373,0.47663112637883726,0.5462311263788373,0.5163301805411961,0.46661589482691046,0.5660444662554819,51.6330180541196,46.66158948269105,56.604446625548185,Booting,2023-10-03,2024-07-30,2.6,-0.6,8.5,3.2,81,1004.3,11.1,81,3.95,871.1500000000004
2024-02-25,145,0.5137029076649177,0.47890290766491767,0.5485029076649177,0.5195755823784538,0.46986129666416815,0.5692898680927396,51.95755823784538,46.986129666416815,56.928986809273965,Booting,2023-10-03,2024-07-30,4.1,-0.0,9.7,0.1,71,1006.5,11.2,38,4.85,876.0000000000005
2024-02-26,146,0.5159270874789447,0.48112708747894467,0.5507270874789447,0.5227529821127781,0.47303869639849244,0.5724672678270639,52.27529821127781,47.303869639849246,57.24672678270639,Booting,2023-10-03,2024-07-30,5.4,2.1,11.0,0.7,74,1002.2,8.1,100,6.55,882.5500000000004
2024-02-27,147,0.5180966363621333,0.4832966363621333,0.5528966363621333,0.5258523376601905,0.4761380519459048,0.5755666233744761,52.585233766019044,47.61380519459048,57.556662337447605,Booting,2023-10-03,2024-07-30,5.2,3.3,8.4,0.6,87,1012.2,12.5,100,5.85,888.4000000000004
2024-02-28,148,0.5202039123202382,0.4854039123202382,0.5550039123202382,0.5288627318860546,0.47914844617176894,0.5785770176003402,52.88627318860546,47.9148446171769,57.85770176003402,Booting,2023-10-03,2024-07-30,4.5,2.4,6.8,0.0,87,1021.1,5.9,100,4.6,893.0000000000005
2024-02-29,149,0.5222401048932102,0.48744010489321016,0.5570401048932101,0.5317715784188717,0.482057292704586,0.5814858641331573,53.177157841887166,48.205729270458605,58.148586413315726,Booting,2023-10-03,2024-07-30,4.0,-1.6,9.7,0.0,84,1016.6,8.0,42,4.05,897.0500000000004
2024-03-01,150,0.5241918995673183,0.48939189956731827,0.5589918995673182,0.5345598565247404,0.48484557081045476,0.584274142239026,53.455985652474034,48.48455708104547,58.427414223902595,Booting,2023-10-03,2024-07-30,5.1,0.2,10.8,0.0,87,1008.0,6.6,77,5.5,902.5500000000004
2024-03-02,151,0.526022755431107,0.491222755431107,0.5608227554311069,0.5371753649015815,0.4874610791872958,0.5868896506158671,53.717536490158146,48.74610791872958,58.68896506158671,Booting,2023-10-03,2024-07-30,6.9,3.2,11.9,0.0,84,1006.0,10.9,69,7.550000000000001,910.1000000000004
2024-03-03,152,0.5276352836876681,0.4928352836876681,0.562435283687668,0.5394789766966687,0.48976469098238307,0.5891932624109544,53.947897669666865,48.976469098238304,58.91932624109544,Booting,2023-10-03,2024-07-30,8.0,2.2,15.4,0.0,76,1001.1,9.4,39,8.8,918.9000000000003
2024-03-04,153,0.5289174713533671,0.4941174713533671,0.563717471353367,0.5413106733619529,0.49159638764766733,0.5910249590762386,54.131067336195294,49.15963876476673,59.10249590762386,Booting,2023-10-03,2024-07-30,5.6,0.8,8.6,0.1,90,1008.6,9.1,91,4.7,923.6000000000004
2024-03-05,154,0.530036852596664,0.495236852596664,0.564836852596664,0.5429097894238057,0.4931955037095201,0.5926240751380915,54.290978942380576,49.31955037095201,59.262407513809144,Booting,2023-10-03,2024-07-30,6.0,2.8,9.0,2.1,88,1015.0,8.1,91,5.9,929.5000000000003
2024-03-06,155,0.5316041657017286,0.49680416570172864,0.5664041657017287,0.5451488081453266,0.49543452243104097,0.5948630938596124,54.51488081453266,49.5434522431041,59.48630938596124,Booting,2023-10-03,2024-07-30,5.4,2.5,8.9,1.8,87,1020.2,10.2,96,5.7,935.2000000000004
2024-03-07,156,0.534055232987018,0.49925523298701796,0.568855232987018,0.5486503328385971,0.49893604712431144,0.5983646185528829,54.86503328385971,49.89360471243114,59.83646185528829,Booting,2023-10-03,2024-07-30,3.2,-1.4,6.7,0.0,75,1022.3,11.5,71,2.6500000000000004,937.8500000000004
2024-03-08,157,0.5370756259450664,0.5022756259450665,0.5718756259450664,0.5529651799215235,0.5032508942072378,0.6026794656358091,55.29651799215235,50.32508942072378,60.26794656358091,Booting,2023-10-03,2024-07-30,3.6,-1.3,9.4,0.0,69,1014.7,16.0,8,4.05,941.9000000000003
2024-03-09,158,0.5401290325892295,0.5053290325892295,0.5749290325892296,0.557327189413185,0.5076129036988992,0.6070414751274708,55.7327189413185,50.76129036988992,60.70414751274708,Booting,2023-10-03,2024-07-30,5.6,-0.7,13.5,0.0,69,1005.1,9.5,57,6.4,948.3000000000003
2024-03-10,159,0.5430696980352127,0.5082696980352126,0.5778696980352127,0.5615281400503038,0.511813854336018,0.6112424257645895,56.15281400503038,51.181385433601804,61.124242576458954,Booting,2023-10-03,2024-07-30,8.6,3.5,14.9,0.2,68,996.0,13.4,98,9.2,957.5000000000003
2024-03-11,160,0.5460019137348644,0.5112019137348645,0.5808019137348643,0.5657170196212349,0.5160027339069492,0.6154313053355205,56.57170196212349,51.600273390694916,61.543130533552045,Booting,2023-10-03,2024-07-30,7.1,3.1,12.5,0.2,74,1005.2,12.3,53,7.8,965.3000000000003
2024-03-12,161,0.5490062107726927,0.5142062107726928,0.5838062107726927,0.5700088725324182,0.5202945868181326,0.6197231582467039,57.000887253241814,52.02945868181325,61.97231582467039,Booting,2023-10-03,2024-07-30,5.6,3.1,8.9,0.3,82,1016.3,13.6,80,6.0,971.3000000000003
2024-03-13,162,0.5521014290780549,0.5173014290780549,0.586901429078055,0.57443061296865,0.5247163272543641,0.6241448986829357,57.443061296865,52.471632725436415,62.414489868293565,Booting,2023-10-03,2024-07-30,7.1,3.6,10.4,3.8,87,1018.5,8.2,96,7.0,978.3000000000003
2024-03-14,163,0.5552842138354988,0.5204842138354988,0.5900842138354987,0.5789774483364268,0.5292631626221411,0.6286917340507124,57.89774483364268,52.926316262214115,62.869173405071244,Booting,2023-10-03,2024-07-30,9.7,6.1,14.8,0.0,84,1016.3,7.7,94,10.45,988.7500000000003
2024-03-15,164,0.5585479203509581,0.5237479203509581,0.5933479203509582,0.5836398862156544,0.5339256005013687,0.6333541719299403,58.36398862156544,53.39256005013687,63.33541719299403,Heading,2023-10-03,2024-07-30,10.3,7.6,15.4,1.7,80,1013.8,12.8,92,11.5,1000.2500000000003
2024-03-16,165,0.561885874092022,0.5270858740920219,0.596685874092022,0.5884083915600313,0.5386941058457456,0.6381226772743172,58.840839156003135,53.86941058457456,63.81226772743172,Heading,2023-10-03,2024-07-30,8.7,4.6,12.0,4.9,85,1018.9,16.7,84,8.3,1008.5500000000003
2024-03-17,166,0.5652918256353985,0.5304918256353985,0.6000918256353984,0.5932740366219978,0.5435597509077122,0.6429883223362834,59.327403662199785,54.355975090771224,64.29883223362835,Heading,2023-10-03,2024-07-30,7.3,2.8,12.1,0.0,74,1023.6,5.7,89,7.449999999999999,1016.0000000000003
2024-03-18,167,0.5687598863851536,0.5339598863851536,0.6035598863851537,0.598228409121648,0.5485141234073623,0.6479426948359338,59.8228409121648,54.851412340736225,64.79426948359338,Heading,2023-10-03,2024-07-30,7.6,4.6,12.5,2.0,83,1017.7,5.3,84,8.55,1024.5500000000004
2024-03-19,168,0.572284466190937,0.537484466190937,0.6070844661909369,0.6032635231299099,0.5535492374156243,0.6529778088441957,60.32635231299099,55.35492374156243,65.29778088441957,Heading,2023-10-03,2024-07-30,7.5,2.7,13.5,0.3,84,1020.1,4.7,87,8.1,1032.6500000000003
2024-03-20,169,0.5758602124407414,0.5410602124407413,0.6106602124407414,0.6083717320582019,0.5586574463439161,0.6580860177724878,60.83717320582019,55.86574463439161,65.80860177724878,Heading,2023-10-03,2024-07-30,9.3,3.0,15.7,0.0,74,1020.3,6.5,79,9.35,1042.0000000000002
2024-03-21,170,0.579481950209683,0.5446819502096829,0.614281950209683,0.6135456431566899,0.5638313574424042,0.6632599288709757,61.354564315668995,56.38313574424042,66.32599288709757,Heading,2023-10-03,2024-07-30,9.8,6.1,13.9,2.5,76,1021.5,14.0,92,10.0,1052.0000000000002
2024-03-22,171,0.5831446230507787,0.5483446230507787,0.6179446230507788,0.6187780329296839,0.5690637472153981,0.6684923186439697,61.877803292968395,56.90637472153981,66.84923186439697,Heading,2023-10-03,2024-07-30,9.8,4.0,15.7,0.0,72,1019.9,9.2,88,9.85,1061.8500000000001
2024-03-23,172,0.5868432340157791,0.552043234015779,0.6216432340157791,0.6240617628796844,0.5743474771653986,0.6737760485939702,62.40617628796844,57.43474771653986,67.37760485939702,Heading,2023-10-03,2024-07-30,7.2,2.8,9.6,3.6,75,1010.6,19.1,59,6.199999999999999,1068.0500000000002
2024-03-24,173,0.5905727864937721,0.555772786493772,0.6253727864937721,0.629389694991103,0.5796754092768172,0.6791039807053888,62.9389694991103,57.96754092768172,67.91039807053888,Heading,2023-10-03,2024-07-30,3.2,1.3,5.2,6.1,82,1009.3,22.5,88,3.25,1071.3000000000002
2024-03-25,174,0.5943282244525311,0.559528224452531,0.6291282244525311,0.6347546063607588,0.5850403206464729,0.6844688920750445,63.47546063607587,58.50403206464729,68.44688920750444,Heading,2023-10-03,2024-07-30,4.3,1.2,9.2,0.1,72,1008.1,13.4,68,5.199999999999999,1076.5000000000002
2024-03-26,175,0.5981043716623894,0.5633043716623893,0.6329043716623894,0.640149102374842,0.5904348166605562,0.6898633880891278,64.0149102374842,59.04348166605562,68.98633880891279,Heading,2023-10-03,2024-07-30,6.8,0.0,14.4,0.0,61,996.3,11.1,58,7.2,1083.7000000000003
2024-03-27,176,0.601895869474786,0.5670958694747861,0.636695869474786,0.6455655278211229,0.5958512421068373,0.6952798135354086,64.55655278211229,59.58512421068372,69.52798135354085,Heading,2023-10-03,2024-07-30,8.7,3.6,18.1,7.0,73,987.8,13.4,94,10.850000000000001,1094.5500000000002
2024-03-28,177,0.6056973110816787,0.5708973110816786,0.6404973110816787,0.6509961586881124,0.6012818729738266,0.7007104444023982,65.09961586881124,60.12818729738266,70.07104444023982,Heading,2023-10-03,2024-07-30,6.0,1.8,10.0,2.9,74,994.6,15.9,57,5.9,1100.4500000000003
2024-03-29,178,0.6095048661423791,0.574704866142379,0.6443048661423791,0.6564355230605415,0.6067212373462557,0.7061498087748274,65.64355230605415,60.67212373462557,70.61498087748274,Heading,2023-10-03,2024-07-30,8.7,3.8,15.7,2.3,66,1001.1,11.7,91,9.75,1110.2000000000003
2024-03-30,179,0.6133287960046133,0.5785287960046133,0.6481287960046134,0.6618982800065905,0.6121839942923046,0.7116125657208763,66.18982800065905,61.218399429230466,71.16125657208762,Heading,2023-10-03,2024-07-30,13.7,7.7,21.3,0.0,56,999.0,12.5,78,14.5,1124.7000000000003
2024-03-31,180,0.6172414460546043,0.5824414460546044,0.6520414460546042,0.6674877800780061,0.6177734943637205,0.7172020657922917,66.74877800780061,61.777349436372056,71.72020657922917,Heading,2023-10-03,2024-07-30,11.9,5.8,17.8,0.3,74,998.7,7.8,79,11.8,1136.5000000000002
2024-04-01,181,0.6214961501706988,0.5866961501706989,0.6562961501706988,0.673565928815284,0.6238516431009984,0.7232802145295697,67.3565928815284,62.38516431009984,72.32802145295697,Heading,2023-10-03,2024-07-30,9.6,5.8,12.5,2.1,72,998.4,15.9,95,9.15,1145.6500000000003
2024-04-02,182,0.6266205921747102,0.5918205921747102,0.6614205921747103,0.680886560249586,0.6311722745353002,0.7306008459638719,68.08865602495861,63.11722745353002,73.06008459638718,Heading,2023-10-03,2024-07-30,7.9,5.4,11.5,0.7,71,1011.1,19.4,54,8.45,1154.1000000000004
2024-04-03,183,0.6330219551466434,0.5982219551466434,0.6678219551466433,0.6900313644952049,0.6403170787809193,0.7397456502094905,69.00313644952048,64.03170787809192,73.97456502094904,Heading,2023-10-03,2024-07-30,8.6,6.0,11.7,2.8,74,1011.6,13.7,89,8.85,1162.9500000000003
2024-04-04,184,0.6397426203300495,0.6049426203300494,0.6745426203300495,0.6996323147572135,0.6499180290429277,0.7493466004714994,69.96323147572136,64.99180290429277,74.93466004714993,Heading,2023-10-03,2024-07-30,10.8,8.9,14.2,5.9,84,1014.0,19.5,86,11.55,1174.5000000000002
2024-04-05,185,0.6441418505208873,0.6093418505208874,0.6789418505208873,0.7059169293155534,0.6562026436012678,0.755631215029839,70.59169293155534,65.62026436012678,75.5631215029839,Heading,2023-10-03,2024-07-30,14.0,8.7,20.9,0.7,73,1016.3,12.8,94,14.799999999999999,1189.3000000000002
2024-04-06,186,0.644709466866872,0.6099094668668721,0.679509466866872,0.7067278098098172,0.6570135240955316,0.7564420955241028,70.67278098098171,65.70135240955317,75.64420955241027,Flowering,2023-10-03,2024-07-30,17.2,11.6,24.4,0.0,56,1016.9,10.2,82,18.0,1207.3000000000002
2024-04-07,187,0.6432151503577924,0.6084151503577924,0.6780151503577925,0.7045930719397034,0.6548787862254177,0.7543073576539893,70.45930719397035,65.48787862254177,75.43073576539892,Flowering,2023-10-03,2024-07-30,17.0,12.1,22.2,0.0,58,1017.0,10.7,92,17.15,1224.4500000000003
2024-04-08,188,0.6421943603103432,0.6073943603103431,0.6769943603103432,0.7031348004433474,0.6534205147290616,0.7528490861576331,70.31348004433474,65.34205147290616,75.28490861576331,Flowering,2023-10-03,2024-07-30,18.9,11.9,25.9,0.0,53,1011.2,7.3,61,18.9,1243.3500000000004
2024-04-09,189,0.642355371449783,0.607555371449783,0.6771553714497831,0.7033648163568329,0.6536505306425472,0.7530791020711187,70.33648163568328,65.36505306425472,75.30791020711187,Flowering,2023-10-03,2024-07-30,12.4,7.3,16.7,2.0,68,1013.0,16.8,94,12.0,1255.3500000000004
2024-04-10,190,0.6432570775270593,0.6084570775270592,0.6780570775270593,0.704652967895799,0.6549386821815132,0.7543672536100848,70.4652967895799,65.49386821815132,75.43672536100848,Flowering,2023-10-03,2024-07-30,8.6,6.1,11.9,0.0,67,1028.3,9.2,93,9.0,1264.3500000000004
2024-04-11,191,0.6445199595117723,0.6097199595117724,0.6793199595117723,0.7064570850168176,0.656742799302532,0.7561713707311033,70.64570850168175,65.67427993025319,75.61713707311033,Flowering,2023-10-03,2024-07-30,10.0,3.3,16.1,0.0,69,1033.4,4.1,29,9.700000000000001,1274.0500000000004
2024-04-12,192,0.6460139876037769,0.611213987603777,0.6808139876037769,0.7085914108625385,0.6588771251482528,0.7583056965768241,70.85914108625386,65.88771251482528,75.83056965768242,Flowering,2023-10-03,2024-07-30,12.4,5.1,18.9,0.0,66,1032.5,7.2,55,12.0,1286.0500000000004
2024-04-13,193,0.6477031637855075,0.6129031637855076,0.6825031637855075,0.7110045196935821,0.6612902339792965,0.7607188054078678,71.10045196935822,66.12902339792966,76.07188054078678,Flowering,2023-10-03,2024-07-30,14.5,7.6,21.7,0.0,71,1027.6,7.0,89,14.649999999999999,1300.7000000000005
2024-04-14,194,0.6495716211416644,0.6147716211416645,0.6843716211416644,0.7136737444880921,0.6639594587738065,0.7633880302023777,71.3673744488092,66.39594587738064,76.33880302023776,Flowering,2023-10-03,2024-07-30,16.3,12.7,21.1,0.0,65,1020.6,13.4,93,16.9,1317.6000000000006
2024-04-15,195,0.6516332930484626,0.6168332930484626,0.6864332930484627,0.7166189900692324,0.6669047043549465,0.7663332757835182,71.66189900692324,66.69047043549466,76.63332757835181,Flowering,2023-10-03,2024-07-30,11.9,5.6,14.5,5.1,79,1010.4,17.1,88,10.05,1327.6500000000005
2024-04-16,196,0.65406972167978,0.61926972167978,0.6888697216797799,0.7200996023996856,0.6703853166854,0.7698138881139713,72.00996023996856,67.03853166854,76.98138881139714,Flowering,2023-10-03,2024-07-30,5.4,2.8,8.6,9.0,80,1007.4,25.5,83,5.699999999999999,1333.3500000000006
2024-04-17,197,0.6576290389655244,0.6228290389655244,0.6924290389655243,0.7251843413793205,0.6754700556650349,0.7748986270936062,72.51843413793205,67.54700556650349,77.48986270936062,Flowering,2023-10-03,2024-07-30,5.2,2.8,8.5,3.7,78,1009.3,11.5,95,5.65,1339.0000000000007
2024-04-18,198,0.6638739321015396,0.6290739321015395,0.6986739321015396,0.7341056172879137,0.6843913315736279,0.7838199030021995,73.41056172879136,68.43913315736279,78.38199030021995,Flowering,2023-10-03,2024-07-30,3.8,1.1,9.5,2.4,82,1015.9,8.8,73,5.3,1344.3000000000006
2024-04-19,199,0.6738701140269974,0.6390701140269974,0.7086701140269973,0.7483858771814248,0.6986715914671392,0.7981001628957105,74.83858771814248,69.86715914671392,79.81001628957105,Flowering,2023-10-03,2024-07-30,3.3,2.1,5.1,9.3,89,1014.2,20.6,99,3.5999999999999996,1347.9000000000005
2024-04-20,200,0.6858405265115566,0.6510405265115566,0.7206405265115565,0.7654864664450809,0.7157721807307952,0.8152007521593665,76.5486466445081,71.57721807307952,81.52007521593664,Flowering,2023-10-03,2024-07-30,4.4,2.1,7.8,0.8,77,1016.5,17.3,89,4.95,1352.8500000000006
2024-04-21,201,0.6959856807200306,0.6611856807200307,0.7307856807200306,0.7799795438857581,0.7302652581714725,0.8296938296000437,77.9979543885758,73.02652581714725,82.96938296000437,Flowering,2023-10-03,2024-07-30,3.0,1.3,5.8,6.5,87,1019.0,12.2,99,3.55,1356.4000000000005
2024-04-22,202,0.7024331627718083,0.6676331627718084,0.7372331627718083,0.7891902325311548,0.7394759468168691,0.8389045182454404,78.91902325311548,73.94759468168691,83.89045182454404,Flowering,2023-10-03,2024-07-30,3.0,-1.9,6.6,0.8,69,1021.6,11.8,61,2.3499999999999996,1358.7500000000005
2024-04-23,203,0.7063825360435253,0.6715825360435252,0.7411825360435254,0.7948321943478933,0.7451179086336075,0.8445464800621791,79.48321943478933,74.51179086336074,84.45464800621791,Flowering,2023-10-03,2024-07-30,3.3,-1.7,7.4,0.0,66,1017.7,10.4,73,2.85,1361.6000000000004
2024-04-24,204,0.7097005334819849,0.6749005334819849,0.744500533481985,0.7995721906885499,0.7498579049742641,0.8492864764028357,79.957219068855,74.98579049742641,84.92864764028357,Flowering,2023-10-03,2024-07-30,3.4,0.2,6.6,1.2,72,1010.5,14.4,55,3.4,1365.0000000000005
2024-04-25,205,0.7131284268507033,0.6783284268507033,0.7479284268507034,0.8044691812152904,0.7547548955010047,0.8541834669295763,80.44691812152904,75.47548955010048,85.41834669295763,Flowering,2023-10-03,2024-07-30,3.6,1.0,7.3,1.2,78,1009.1,13.2,76,4.15,1369.1500000000005
2024-04-26,206,0.7164943200252972,0.6816943200252972,0.7512943200252973,0.8092776000361389,0.7595633143218531,0.8589918857504247,80.9277600036139,75.95633143218531,85.89918857504247,Flowering,2023-10-03,2024-07-30,6.6,-0.7,12.7,0.2,70,1008.0,9.7,52,6.0,1375.1500000000005
2024-04-27,207,0.7195739275170485,0.6847739275170486,0.7543739275170485,0.8136770393100693,0.7639627535957837,0.863391325024355,81.36770393100693,76.39627535957837,86.3391325024355,Flowering,2023-10-03,2024-07-30,11.1,2.5,18.5,0.1,63,1009.3,8.5,23,10.5,1385.6500000000005
2024-04-28,208,0.7223947010827786,0.6875947010827785,0.7571947010827786,0.8177067158325408,0.767992430118255,0.8674210015468267,81.77067158325409,76.7992430118255,86.74210015468266,Flowering,2023-10-03,2024-07-30,13.0,7.3,18.9,0.0,60,1012.8,11.1,82,13.1,1398.7500000000005
2024-04-29,209,0.7250581645141628,0.6902581645141628,0.7598581645141629,0.8215116635916612,0.7717973778773755,0.871225949305947,82.15116635916611,77.17973778773755,87.1225949305947,Grain Filling,2023-10-03,2024-07-30,14.0,8.0,20.5,0.2,68,1020.7,7.3,82,14.25,1413.0000000000005
2024-04-30,210,0.7276115394614368,0.6928115394614367,0.7624115394614368,0.8251593420877668,0.775445056373481,0.8748736278020526,82.51593420877667,77.54450563734811,87.48736278020526,Grain Filling,2023-10-03,2024-07-30,17.4,9.9,24.9,0.0,63,1014.8,8.0,50,17.4,1430.4000000000005
2024-05-01,211,0.7300582855343818,0.6952582855343818,0.7648582855343817,0.8286546936205454,0.7789404079062598,0.878368979334831,82.86546936205454,77.89404079062598,87.8368979334831,Grain Filling,2023-10-03,2024-07-30,17.1,10.2,23.7,0.0,59,1006.1,11.1,49,16.95,1447.3500000000006
2024-05-02,212,0.7323884756954055,0.6975884756954056,0.7671884756954055,0.8319835367077222,0.7822692509934366,0.8816978224220079,83.19835367077222,78.22692509934366,88.1697822422008,Grain Filling,2023-10-03,2024-07-30,15.8,11.5,20.9,2.3,67,1000.3,11.7,69,16.2,1463.5500000000006
2024-05-03,213,0.7345897484752327,0.6997897484752327,0.7693897484752328,0.8351282121074753,0.7854139263931895,0.8848424978217612,83.51282121074753,78.54139263931896,88.48424978217612,Grain Filling,2023-10-03,2024-07-30,11.0,9.2,13.6,0.2,75,1012.5,16.9,93,11.399999999999999,1474.9500000000007
2024-05-04,214,0.7366491674676001,0.7018491674676002,0.7714491674676001,0.8380702392394288,0.7883559535251431,0.8877845249537144,83.80702392394288,78.8355953525143,88.77845249537144,Grain Filling,2023-10-03,2024-07-30,11.9,5.6,17.2,0.0,71,1015.6,7.2,74,11.399999999999999,1486.3500000000008
2024-05-05,215,0.7385534711890476,0.7037534711890476,0.7733534711890475,0.8407906731272108,0.7910763874129252,0.8905049588414965,84.07906731272108,79.10763874129252,89.05049588414965,Grain Filling,2023-10-03,2024-07-30,13.3,10.6,16.5,7.6,78,1011.5,13.4,88,13.55,1499.9000000000008
2024-05-06,216,0.7402890896034564,0.7054890896034565,0.7750890896034563,0.8432701280049377,0.7935558422906521,0.8929844137192234,84.32701280049378,79.35558422906522,89.29844137192234,Grain Filling,2023-10-03,2024-07-30,13.2,10.2,18.2,11.8,85,1009.3,10.8,96,14.2,1514.1000000000008
2024-05-07,217,0.7418421759748425,0.7070421759748424,0.7766421759748425,0.8454888228212035,0.7957745371069178,0.8952031085354893,84.54888228212035,79.57745371069178,89.52031085354893,Grain Filling,2023-10-03,2024-07-30,11.4,9.0,14.7,1.9,85,1015.2,14.9,99,11.85,1525.9500000000007
2024-05-08,218,0.743198656519881,0.708398656519881,0.7779986565198811,0.8474266521712587,0.7977123664569729,0.8971409378855445,84.74266521712586,79.77123664569729,89.71409378855445,Grain Filling,2023-10-03,2024-07-30,10.5,8.4,12.8,0.6,82,1023.3,10.8,93,10.600000000000001,1536.5500000000006
2024-05-09,219,0.744344300676295,0.7095443006762949,0.779144300676295,0.8490632866804214,0.7993490009661356,0.8987775723947072,84.90632866804214,79.93490009661356,89.87775723947072,Grain Filling,2023-10-03,2024-07-30,12.4,6.8,17.4,0.0,69,1025.3,7.8,49,12.1,1548.6500000000005
2024-05-10,220,0.745264815170093,0.710464815170093,0.7800648151700931,0.8503783073858472,0.8006640216715614,0.900092593100133,85.03783073858472,80.06640216715614,90.0092593100133,Grain Filling,2023-10-03,2024-07-30,13.5,6.7,19.0,0.0,65,1022.4,6.9,52,12.85,1561.5000000000005
2024-05-11,221,0.7459459654489108,0.7111459654489107,0.7807459654489108,0.8513513792127297,0.8016370934984439,0.9010656649270156,85.13513792127297,80.1637093498444,90.10656649270156,Grain Filling,2023-10-03,2024-07-30,14.9,8.2,21.4,0.0,63,1020.7,7.7,58,14.799999999999999,1576.3000000000004
2024-05-12,222,0.7463737284427414,0.7115737284427415,0.7811737284427414,0.8519624692039163,0.8022481834896307,0.901676754918202,85.19624692039163,80.22481834896307,90.1676754918202,Grain Filling,2023-10-03,2024-07-30,15.7,9.1,21.6,0.0,64,1017.9,8.1,14,15.350000000000001,1591.6500000000003
2024-05-13,223,0.7465344810056845,0.7117344810056845,0.7813344810056846,0.8521921157224065,0.8024778300081207,0.9019064014366923,85.21921157224065,80.24778300081206,90.19064014366923,Grain Filling,2023-10-03,2024-07-30,16.4,10.5,22.4,0.0,64,1014.0,8.3,9,16.45,1608.1000000000004
2024-05-14,224,0.7464164749075611,0.7116164749075611,0.7812164749075612,0.8520235355822302,0.8023092498679444,0.901737821296516,85.20235355822302,80.23092498679443,90.1737821296516,Grain Filling,2023-10-03,2024-07-30,16.9,10.5,22.9,0.0,61,1008.6,12.5,5,16.7,1624.8000000000004
2024-05-15,225,0.7460192948017059,0.711219294801706,0.7808192948017059,0.8514561354310085,0.8017418497167228,0.9011704211452941,85.14561354310085,80.17418497167228,90.11704211452941,Grain Filling,2023-10-03,2024-07-30,16.9,11.4,22.9,0.2,59,1005.6,8.7,81,17.15,1641.9500000000005
2024-05-16,226,0.7454069745537462,0.7106069745537462,0.7802069745537461,0.8505813922196374,0.8008671065053518,0.9002956779339231,85.05813922196374,80.08671065053518,90.0295677933923,Grain Filling,2023-10-03,2024-07-30,15.4,11.9,21.6,8.1,76,1005.3,8.6,88,16.75,1658.7000000000005
2024-05-17,227,0.7448449926397211,0.7100449926397212,0.7796449926397211,0.8497785609138874,0.8000642751996018,0.899492846628173,84.97785609138873,80.00642751996018,89.94928466281729,Grain Filling,2023-10-03,2024-07-30,11.7,10.0,12.8,11.2,85,1005.3,16.6,100,11.4,1670.1000000000006
2024-05-18,228,0.7447902315668264,0.7099902315668265,0.7795902315668264,0.849700330809752,0.7999860450954664,0.8994146165240378,84.9700330809752,79.99860450954664,89.94146165240377,Grain Filling,2023-10-03,2024-07-30,13.1,10.1,17.2,9.1,79,1010.7,16.1,85,13.649999999999999,1683.7500000000007
2024-05-19,229,0.745128302035077,0.710328302035077,0.7799283020350769,0.8501832886215386,0.8004690029072529,0.8998975743358242,85.01832886215385,80.04690029072529,89.98975743358241,Grain Filling,2023-10-03,2024-07-30,14.1,9.4,18.3,1.0,73,1011.5,11.3,34,13.850000000000001,1697.6000000000006
2024-05-20,230,0.7443004020399479,0.7095004020399478,0.7791004020399479,0.8490005743427826,0.7992862886284968,0.8987148600570685,84.90005743427827,79.92862886284968,89.87148600570684,Grain Filling,2023-10-03,2024-07-30,15.4,7.8,21.6,0.1,71,1010.6,5.9,51,14.700000000000001,1712.3000000000006
2024-05-21,231,0.7409101806074603,0.7061101806074603,0.7757101806074602,0.8441574008678004,0.7944431151535147,0.893871686582086,84.41574008678005,79.44431151535147,89.38716865820861,Grain Filling,2023-10-03,2024-07-30,14.6,12.4,17.8,7.2,84,1006.6,11.3,100,15.100000000000001,1727.4000000000005
2024-05-22,232,0.7367974046433392,0.7019974046433393,0.7715974046433391,0.8382820066333417,0.7885677209190561,0.8879962923476273,83.82820066333417,78.85677209190561,88.79962923476273,Grain Filling,2023-10-03,2024-07-30,14.4,11.8,17.9,1.6,76,1010.9,15.6,70,14.85,1742.2500000000005
2024-05-23,233,0.7357237497094067,0.7009237497094067,0.7705237497094066,0.836748213870581,0.7870339281562954,0.8864624995848667,83.6748213870581,78.70339281562954,88.64624995848666,Grain Filling,2023-10-03,2024-07-30,14.1,9.0,20.0,5.2,79,1015.8,7.2,60,14.5,1756.7500000000005
2024-05-24,234,0.7384590497891952,0.7036590497891952,0.7732590497891951,0.840655785413136,0.7909414996988504,0.8903700711274216,84.0655785413136,79.09414996988504,89.03700711274216,Grain Filling,2023-10-03,2024-07-30,13.6,10.7,17.4,4.7,84,1017.6,5.8,87,14.049999999999999,1770.8000000000004
2024-05-25,235,0.7422318577170556,0.7074318577170555,0.7770318577170556,0.8460455110243651,0.7963312253100794,0.8957597967386509,84.6045511024365,79.63312253100794,89.57597967386509,Grain Filling,2023-10-03,2024-07-30,14.1,8.2,18.9,0.7,77,1018.0,4.7,57,13.549999999999999,1784.3500000000004
2024-05-26,236,0.7446837823235609,0.7098837823235609,0.779483782323561,0.8495482604622299,0.7998339747479442,0.8992625461765157,84.95482604622299,79.98339747479442,89.92625461765157,Grain Filling,2023-10-03,2024-07-30,16.0,9.5,21.2,0.1,73,1018.1,6.3,54,15.35,1799.7000000000003
2024-05-27,237,0.7456171469670176,0.7108171469670177,0.7804171469670176,0.850881638524311,0.8011673528100253,0.9005959242385966,85.0881638524311,80.11673528100253,90.05959242385966,Maturity,2023-10-03,2024-07-30,15.7,13.0,20.1,8.2,82,1018.1,6.4,86,16.55,1816.2500000000002
2024-05-28,238,0.7456667778146707,0.7108667778146707,0.7804667778146708,0.8509525397352439,0.8012382540209582,0.9006668254495297,85.0952539735244,80.12382540209582,90.06668254495297,Maturity,2023-10-03,2024-07-30,13.8,10.7,17.0,1.1,70,1019.4,13.3,66,13.85,1830.1000000000001
2024-05-29,239,0.7452103290741218,0.7104103290741217,0.7800103290741218,0.8503004701058883,0.8005861843916025,0.9000147558201741,85.03004701058883,80.05861843916024,90.0014755820174,Maturity,2023-10-03,2024-07-30,13.8,10.0,18.5,2.1,75,1015.0,9.7,96,14.25,1844.3500000000001
2024-05-30,240,0.7443064761661121,0.7095064761661121,0.7791064761661122,0.8490092516658745,0.7992949659515887,0.8987235373801603,84.90092516658746,79.92949659515887,89.87235373801603,Maturity,2023-10-03,2024-07-30,14.6,12.2,18.7,15.5,80,1006.5,11.9,82,15.45,1859.8000000000002
2024-05-31,241,0.7427361985332964,0.7079361985332964,0.7775361985332965,0.8467659979047092,0.7970517121904234,0.896480283618995,84.67659979047092,79.70517121904234,89.6480283618995,Maturity,2023-10-03,2024-07-30,11.8,10.7,12.8,21.2,93,1008.3,13.3,100,11.75,1871.5500000000002
2024-06-01,242,0.7396491056237251,0.7048491056237252,0.774449105623725,0.8423558651767502,0.7926415794624645,0.8920701508910358,84.23558651767502,79.26415794624646,89.20701508910358,Maturity,2023-10-03,2024-07-30,13.0,11.7,14.9,29.1,94,1011.8,18.1,100,13.3,1884.8500000000001
2024-06-02,243,0.7332780139668315,0.6984780139668314,0.7680780139668315,0.8332543056669021,0.7835400199526164,0.8829685913811879,83.3254305666902,78.35400199526164,88.29685913811879,Maturity,2023-10-03,2024-07-30,15.5,13.0,19.4,9.5,87,1017.1,8.5,100,16.2,1901.0500000000002
2024-06-03,244,0.7222730457460625,0.6874730457460625,0.7570730457460626,0.817532922494375,0.7678186367800893,0.8672472082086609,81.75329224943751,76.78186367800893,86.72472082086608,Maturity,2023-10-03,2024-07-30,14.2,11.5,16.6,1.7,83,1017.6,11.0,97,14.05,1915.1000000000001
2024-06-04,245,0.7081993277033344,0.6733993277033343,0.7429993277033344,0.7974276110047634,0.7477133252904776,0.8471418967190492,79.74276110047634,74.77133252904777,84.71418967190492,Maturity,2023-10-03,2024-07-30,15.2,8.9,19.6,0.0,72,1015.0,6.2,48,14.25,1929.3500000000001
2024-06-05,246,0.6948349872699874,0.6600349872699873,0.7296349872699874,0.778335696099982,0.7286214103856962,0.8280499818142678,77.8335696099982,72.86214103856962,82.80499818142678,Maturity,2023-10-03,2024-07-30,16.0,11.7,20.0,0.6,76,1013.7,10.9,60,15.85,1945.2
2024-06-06,247,0.6842005793434416,0.6494005793434416,0.7190005793434415,0.7631436847763451,0.7134293990620595,0.8128579704906308,76.3143684776345,71.34293990620594,81.28579704906308,Maturity,2023-10-03,2024-07-30,17.0,12.2,21.8,0.9,74,1016.6,8.3,48,17.0,1962.2
2024-06-07,248,0.675194996736183,0.640394996736183,0.7099949967361829,0.7502785667659757,0.7005642810516901,0.7999928524802613,75.02785667659757,70.056428105169,79.99928524802613,Maturity,2023-10-03,2024-07-30,17.0,12.4,22.1,0.5,67,1017.7,8.3,53,17.25,1979.45
2024-06-08,249,0.6652973524225962,0.6304973524225963,0.7000973524225962,0.7361390748894232,0.6864247891751376,0.7858533606037088,73.61390748894232,68.64247891751376,78.58533606037088,Maturity,2023-10-03,2024-07-30,17.8,11.7,24.8,0.3,70,1012.9,10.9,48,18.25,1997.7
2024-06-09,250,0.6524436663569079,0.6176436663569078,0.6872436663569079,0.7177766662241541,0.6680623805098683,0.7674909519384399,71.77766662241541,66.80623805098683,76.74909519384398,Harvest,2023-10-03,2024-07-30,17.4,12.0,21.5,0.0,69,1008.7,7.3,73,16.75,2014.45
2024-06-10,251,0.6384211858866241,0.6036211858866241,0.6732211858866242,0.6977445512666058,0.6480302655523201,0.7474588369808917,69.77445512666058,64.80302655523201,74.74588369808916,Unknown,2023-10-03,2024-07-30,15.8,12.4,19.3,0.0,60,1007.4,12.9,62,15.850000000000001,2030.3
2024-06-11,252,0.630400836538911,0.5956008365389109,0.665200836538911,0.6862869093413014,0.6365726236270156,0.7360011950555873,68.62869093413015,63.65726236270156,73.60011950555872,Unknown,2023-10-03,2024-07-30,11.8,8.5,14.9,0.1,62,1014.9,11.8,84,11.7,2042.0
2024-06-12,253,0.6330178873828611,0.5982178873828612,0.6678178873828611,0.6900255534040873,0.6403112676898017,0.7397398391183729,69.00255534040873,64.03112676898017,73.9739839118373,Unknown,2023-10-03,2024-07-30,12.8,7.2,17.2,0.3,61,1017.8,5.8,54,12.2,2054.2
2024-06-13,254,0.6414092113690171,0.6066092113690171,0.676209211369017,0.7020131590985959,0.6522988733843103,0.7517274448128815,70.20131590985959,65.22988733843103,75.17274448128815,Unknown,2023-10-03,2024-07-30,13.3,9.3,17.2,1.3,63,1018.0,7.3,60,13.25,2067.45
2024-06-14,255,0.6482477980078745,0.6134477980078745,0.6830477980078744,0.7117825685826779,0.6620682828683921,0.7614968542969635,71.17825685826779,66.20682828683921,76.14968542969635,Unknown,2023-10-03,2024-07-30,14.2,10.7,19.4,2.7,75,1013.4,11.1,84,15.049999999999999,2082.5
2024-06-15,256,0.6515408113703162,0.6167408113703161,0.6863408113703162,0.716486873386166,0.6667725876718802,0.7662011591004517,71.6486873386166,66.67725876718802,76.62011591004517,Unknown,2023-10-03,2024-07-30,15.4,12.0,18.7,8.4,73,1009.7,14.4,78,15.35,2097.85
2024-06-16,257,0.6526793836421032,0.6178793836421033,0.6874793836421031,0.7181134052030046,0.668399119488719,0.7678276909172902,71.81134052030046,66.8399119488719,76.78276909172902,Unknown,2023-10-03,2024-07-30,15.7,10.0,20.9,0.2,67,1011.6,10.5,47,15.45,2113.2999999999997
2024-06-17,258,0.6528208883046952,0.6180208883046951,0.6876208883046953,0.7183155547209932,0.6686012690067074,0.768029840435279,71.83155547209932,66.86012690067074,76.8029840435279,Unknown,2023-10-03,2024-07-30,17.2,13.2,21.6,2.2,77,1014.6,10.8,79,17.4,2130.7
2024-06-18,259,0.6523475627798851,0.6175475627798852,0.6871475627798851,0.7176393753998359,0.6679250896855503,0.7673536611141216,71.76393753998359,66.79250896855503,76.73536611141216,Unknown,2023-10-03,2024-07-30,20.5,12.8,27.3,0.0,70,1014.4,8.5,81,20.05,2150.75
2024-06-19,260,0.651353021855628,0.6165530218556281,0.686153021855628,0.7162186026508972,0.6665043169366116,0.7659328883651828,71.62186026508972,66.65043169366116,76.59328883651828,Unknown,2023-10-03,2024-07-30,20.0,16.2,25.0,5.4,79,1015.0,10.0,65,20.6,2171.35
2024-06-20,261,0.6498804388465688,0.6150804388465687,0.6846804388465688,0.7141149126379553,0.6644006269236696,0.7638291983522412,71.41149126379554,66.44006269236696,76.38291983522411,Unknown,2023-10-03,2024-07-30,19.2,13.1,26.0,5.8,82,1019.1,7.7,88,19.55,2190.9
2024-06-21,262,0.647964484331792,0.613164484331792,0.6827644843317919,0.7113778347597028,0.6616635490454172,0.7610921204739884,71.13778347597028,66.16635490454172,76.10921204739884,Unknown,2023-10-03,2024-07-30,20.3,17.2,25.1,2.2,81,1014.3,9.5,91,21.15,2212.05
2024-06-22,263,0.6456379280911984,0.6108379280911984,0.6804379280911983,0.7080541829874263,0.6583398972731406,0.7577684687017119,70.80541829874262,65.83398972731406,75.77684687017118,Unknown,2023-10-03,2024-07-30,16.3,12.6,21.2,3.4,75,1015.2,12.8,68,16.9,2228.9500000000003
2024-06-23,264,0.6429321283186544,0.6081321283186545,0.6777321283186544,0.7041887547409349,0.6544744690266493,0.7539030404552205,70.41887547409348,65.44744690266494,75.39030404552204,Unknown,2023-10-03,2024-07-30,17.3,12.1,22.3,1.5,73,1018.2,7.4,56,17.2,2246.15
2024-06-24,265,0.6398803217972889,0.6050803217972889,0.674680321797289,0.6998290311389842,0.6501147454246984,0.74954331685327,69.98290311389842,65.01147454246984,74.954331685327,Unknown,2023-10-03,2024-07-30,19.4,14.1,24.2,0.0,66,1018.4,11.0,33,19.15,2265.3
2024-06-25,266,0.636536405584566,0.601736405584566,0.6713364055845661,0.6950520079779515,0.6453377222636657,0.7447662936922372,69.50520079779515,64.53377222636657,74.47662936922373,Unknown,2023-10-03,2024-07-30,20.3,14.1,25.9,0.0,63,1014.2,11.9,4,20.0,2285.3
2024-06-26,267,0.6330193394178092,0.5982193394178092,0.6678193394178091,0.6900276277397275,0.6403133420254418,0.7397419134540131,69.00276277397275,64.03133420254417,73.97419134540131,Unknown,2023-10-03,2024-07-30,20.7,16.9,25.3,10.4,77,1010.7,5.9,57,21.1,2306.4
2024-06-27,268,0.6294948888802417,0.5946948888802417,0.6642948888802418,0.6849926984003454,0.6352784126860596,0.7347069841146312,68.49926984003454,63.527841268605954,73.47069841146312,Unknown,2023-10-03,2024-07-30,21.2,16.5,26.1,2.7,80,1011.0,9.1,41,21.3,2327.7000000000003
2024-06-28,269,0.6258954307820015,0.5910954307820016,0.6606954307820014,0.6798506154028593,0.6301363296885737,0.7295649011171449,67.98506154028593,63.01363296885737,72.95649011171449,Unknown,2023-10-03,2024-07-30,21.0,17.4,24.5,4.8,81,1015.7,11.3,47,20.95,2348.65
2024-06-29,270,0.6216135648983094,0.5868135648983095,0.6564135648983094,0.6737336641404421,0.6240193784261564,0.7234479498547277,67.37336641404421,62.40193784261564,72.34479498547277,Unknown,2023-10-03,2024-07-30,24.0,16.9,30.3,3.3,73,1013.4,8.1,75,23.6,2372.25
2024-06-30,271,0.6159065294385796,0.5811065294385795,0.6507065294385797,0.665580756340828,0.6158664706265422,0.7152950420551138,66.5580756340828,61.58664706265422,71.52950420551139,Unknown,2023-10-03,2024-07-30,20.0,15.3,24.4,8.3,80,1009.0,16.6,84,19.85,2392.1
2024-07-01,272,0.6086754776823026,0.5738754776823025,0.6434754776823026,0.6552506824032894,0.6055363966890036,0.7049649681175751,65.52506824032895,60.55363966890036,70.49649681175751,Unknown,2023-10-03,2024-07-30,16.5,13.5,21.0,3.2,76,1014.6,14.4,72,17.25,2409.35
2024-07-02,273,0.6004272423595509,0.565627242359551,0.6352272423595509,0.6434674890850728,0.5937532033707871,0.6931817747993584,64.34674890850728,59.375320337078705,69.31817747993584,Unknown,2023-10-03,2024-07-30,14.3,10.7,18.2,1.0,72,1015.4,12.7,70,14.45,2423.7999999999997
2024-07-03,274,0.5916567486806426,0.5568567486806426,0.6264567486806425,0.630938212400918,0.5812239266866323,0.6806524981152036,63.0938212400918,58.122392668663224,68.06524981152036,Unknown,2023-10-03,2024-07-30,13.6,10.2,18.0,7.1,85,1011.6,10.3,86,14.1,2437.8999999999996
2024-07-04,275,0.5825930667031314,0.5477930667031314,0.6173930667031313,0.6179900952901877,0.5682758095759021,0.6677043810044734,61.79900952901877,56.82758095759021,66.77043810044734,Unknown,2023-10-03,2024-07-30,14.1,9.3,18.5,1.6,83,1011.5,15.5,55,13.9,2451.7999999999997
2024-07-05,276,0.5733076709065392,0.5385076709065393,0.6081076709065392,0.6047252441521989,0.5550109584379133,0.6544395298664846,60.47252441521989,55.501095843791326,65.44395298664845,Unknown,2023-10-03,2024-07-30,17.1,11.2,22.5,0.0,68,1013.8,12.5,63,16.85,2468.6499999999996
2024-07-06,277,0.5638236480466972,0.5290236480466972,0.5986236480466971,0.5911766400667102,0.5414623543524246,0.6408909257809958,59.11766400667102,54.14623543524246,64.08909257809958,Unknown,2023-10-03,2024-07-30,18.7,14.0,26.3,3.5,78,1008.4,12.2,80,20.15,2488.7999999999997
2024-07-07,278,0.5541337534079184,0.5193337534079183,0.5889337534079184,0.5773339334398834,0.5276196477255976,0.6270482191541692,57.73339334398834,52.76196477255976,62.70482191541692,Unknown,2023-10-03,2024-07-30,15.3,12.6,18.5,0.7,77,1015.3,6.3,88,15.55,2504.35
2024-07-08,279,0.5441446542151764,0.5093446542151765,0.5789446542151764,0.5630637917359663,0.5133495060216807,0.6127780774502519,56.30637917359663,51.33495060216807,61.27780774502519,Unknown,2023-10-03,2024-07-30,18.2,11.3,25.0,0.0,69,1017.8,6.3,45,18.15,2522.5
2024-07-09,280,0.5336033683934348,0.4988033683934348,0.5684033683934349,0.5480048119906211,0.4982905262763355,0.5977190977049069,54.80048119906211,49.82905262763355,59.771909770490694,Unknown,2023-10-03,2024-07-30,22.5,15.4,29.2,0.0,68,1016.8,7.9,25,22.3,2544.8
2024-07-10,281,0.5222205110269864,0.4874205110269864,0.5570205110269864,0.5317435871814091,0.4820293014671235,0.5814578728956948,53.174358718140915,48.202930146712355,58.14578728956948,Unknown,2023-10-03,2024-07-30,21.5,18.8,26.9,8.3,77,1016.5,7.8,77,22.85,2567.65
2024-07-11,282,0.5100947198162252,0.47529471981622523,0.5448947198162253,0.5144210283088931,0.46470674259460754,0.564135314023179,51.44210283088931,46.47067425946075,56.41353140231789,Unknown,2023-10-03,2024-07-30,21.0,16.7,24.9,13.7,78,1017.4,7.0,52,20.799999999999997,2588.4500000000003
2024-07-12,283,0.4978873336570282,0.4630873336570282,0.5326873336570281,0.496981905224326,0.44726761951004035,0.5466961909386117,49.6981905224326,44.726761951004036,54.669619093861165,Unknown,2023-10-03,2024-07-30,20.5,17.5,25.4,4.4,81,1011.8,10.3,95,21.45,2609.9
2024-07-13,284,0.4862643632510374,0.4514643632510374,0.5210643632510374,0.48037766178719626,0.4306633760729106,0.530091947501482,48.03776617871963,43.06633760729106,53.009194750148204,Unknown,2023-10-03,2024-07-30,17.3,14.0,20.5,4.9,74,1013.7,9.3,70,17.25,2627.15
2024-07-14,285,0.4753215407999697,0.4405215407999697,0.5101215407999697,0.464745058285671,0.4150307725713853,0.5144593439999567,46.474505828567096,41.50307725713853,51.44593439999567,Unknown,2023-10-03,2024-07-30,18.3,11.4,24.0,0.2,67,1014.5,5.7,45,17.7,2644.85
2024-07-15,286,0.46474715560548074,0.42994715560548075,0.49954715560548074,0.44963879372211535,0.3999245080078297,0.4993530794364011,44.96387937221154,39.99245080078297,49.93530794364011,Unknown,2023-10-03,2024-07-30,21.8,13.0,29.2,0.0,66,1012.6,5.3,45,21.1,2665.95
2024-07-16,287,0.4542621790537087,0.4194621790537087,0.4890621790537087,0.4346602557910124,0.38494597007672676,0.4843745415052982,43.46602557910124,38.494597007672674,48.43745415052982,Unknown,2023-10-03,2024-07-30,20.5,16.7,24.3,8.0,73,1014.6,13.2,44,20.5,2686.45
2024-07-17,288,0.44375436218226105,0.40895436218226106,0.47855436218226105,0.4196490888318015,0.36993480311751586,0.4693633745460873,41.96490888318015,36.99348031175159,46.936337454608726,Unknown,2023-10-03,2024-07-30,19.0,14.0,23.3,0.0,65,1020.8,9.1,45,18.65,2705.1
2024-07-18,289,0.4332009575844204,0.3984009575844204,0.4680009575844204,0.40457279654917205,0.35485851083488634,0.4542870822634577,40.45727965491721,35.48585108348863,45.42870822634577,Unknown,2023-10-03,2024-07-30,20.3,13.8,25.9,0.0,63,1022.0,7.4,64,19.85,2724.95
2024-07-19,290,0.4226026385491855,0.3878026385491855,0.4574026385491855,0.3894323407845508,0.33971805507026503,0.43914662649883646,38.94323407845508,33.9718055070265,43.914662649883645,Unknown,2023-10-03,2024-07-30,22.3,15.7,28.1,0.0,62,1018.7,5.9,66,21.9,2746.85
2024-07-20,291,0.4119633199490824,0.3771633199490824,0.4467633199490824,0.3742333142129749,0.3245190284986892,0.42394759992726067,37.42333142129749,32.451902849868915,42.394759992726065,Unknown,2023-10-03,2024-07-30,22.7,17.4,27.2,0.7,69,1012.1,6.1,33,22.299999999999997,2769.15
2024-07-21,292,0.4012869129735122,0.3664869129735122,0.4360869129735122,0.35898130424787467,0.3092670185335889,0.40869558996216027,35.89813042478747,30.92670185335889,40.86955899621603,Unknown,2023-10-03,2024-07-30,22.3,17.8,27.7,0.5,75,1009.3,6.7,61,22.75,2791.9
2024-07-22,293,0.39057697041193795,0.35577697041193795,0.42537697041193795,0.3436813863027685,0.2939671005884828,0.3933956720170543,34.36813863027685,29.39671005884828,39.33956720170543,Unknown,2023-10-03,2024-07-30,20.4,17.9,23.7,13.1,77,1016.1,11.6,55,20.799999999999997,2812.7000000000003
2024-07-23,294,0.3798367168814958,0.3450367168814958,0.4146367168814958,0.32833816697356544,0.2786238812592797,0.3780524526878512,32.833816697356546,27.86238812592797,37.80524526878512,Unknown,2023-10-03,2024-07-30,19.4,15.4,24.1,3.7,69,1019.0,13.7,80,19.75,2832.4500000000003
2024-07-24,295,0.36906907664950983,0.33426907664950983,0.40386907664950983,0.3129558237850141,0.26324153807072836,0.36267010949929984,31.295582378501408,26.324153807072836,36.26701094992998,Unknown,2023-10-03,2024-07-30,17.6,14.4,20.8,1.0,77,1019.1,12.2,70,17.6,2850.05
2024-07-25,296,0.35827767167750213,0.32347767167750213,0.3930776716775021,0.29753953096786023,0.2478252452535745,0.34725381668214594,29.753953096786024,24.78252452535745,34.725381668214595,Unknown,2023-10-03,2024-07-30,18.5,12.0,23.8,0.0,65,1016.1,4.0,56,17.9,2867.9500000000003
2024-07-26,297,0.3474761067416385,0.3126761067416385,0.3822761067416385,0.28210872391662645,0.2323944382023407,0.33182300963091216,28.210872391662644,23.239443820234072,33.182300963091215,Unknown,2023-10-03,2024-07-30,20.3,14.7,25.6,0.0,65,1012.9,9.0,76,20.15,2888.1000000000004
2024-07-27,298,0.33674838260232376,0.30194838260232376,0.37154838260232376,0.2667834037176054,0.21706911800331968,0.3164976894318911,26.67834037176054,21.70691180033197,31.64976894318911,Unknown,2023-10-03,2024-07-30,21.4,16.0,27.7,4.5,74,1014.5,6.7,84,21.85,2909.9500000000003
2024-07-28,299,0.32647755056643396,0.29167755056643396,0.36127755056643396,0.2521107865234771,0.2023965008091914,0.30182507223776284,25.211078652347712,20.239650080919137,30.182507223776284,Unknown,2023-10-03,2024-07-30,19.2,16.3,22.3,2.2,71,1022.4,11.4,45,19.3,2929.2500000000005
2024-07-29,300,0.31777424065164794,0.28297424065164795,0.35257424065164794,0.23967748664521138,0.18996320093092567,0.2893917723594971,23.96774866452114,18.996320093092567,28.93917723594971,Unknown,2023-10-03,2024-07-30,19.0,12.7,24.8,0.0,65,1023.6,7.3,1,18.75,2948.0000000000005
2024-07-30,301,0.3125686661115968,0.2777686661115968,0.3473686661115968,0.23224095158799543,0.18252666587370972,0.2819552373022811,23.224095158799543,18.25266658737097,28.19552373022811,Unknown,2023-10-03,2024-07-30,21.1,13.5,28.1,0.0,61,1018.7,6.3,23,20.8,2968.8000000000006
